sep=;
"Location";"Date";"NO2 (ppb)";"VOCs (ppb)";"PM2.5 (µg/m³)"
"Sterling MS";"Aug 10, 2026, 23:00:00";"12.41";"669.99";"6.9"
"Sterling MS";"Aug 10, 2026, 22:00:00";"15.43";"686.69";"6.33"
"Sterling MS";"Aug 10, 2026, 21:00:00";"9.64";"660.12";"6.03"
"Sterling MS";"Aug 10, 2026, 20:00:00";"11.43";"646.58";"6.18"
"Sterling MS";"Aug 10, 2026, 19:00:00";"10.9";"617.13";"8.02"
"Sterling MS";"Aug 10, 2026, 18:00:00";"9.25";"502.96";"7.98"
"Sterling MS";"Aug 10, 2026, 17:00:00";"7.21";"241.66";"8.81"
"Sterling MS";"Aug 10, 2026, 16:00:00";"0";"119.27";"15.68"
"Sterling MS";"Aug 10, 2026, 15:00:00";"0";"117.13";"15.6"
"Sterling MS";"Aug 10, 2026, 14:00:00";"0";"128.96";"16.99"
"Sterling MS";"Aug 10, 2026, 13:00:00";"0";"144.03";"18.31"
"Sterling MS";"Aug 10, 2026, 12:00:00";"0";"153.12";"18.17"
"Sterling MS";"Aug 10, 2026, 11:00:00";"0";"213.96";"21.6"
"Sterling MS";"Aug 10, 2026, 10:00:00";"0";"318.26";"20.46"
"Sterling MS";"Aug 10, 2026, 09:00:00";"0.29";"542.85";"14.7"
"Sterling MS";"Aug 10, 2026, 08:00:00";"3.05";"854.29";"9.96"
"Sterling MS";"Aug 10, 2026, 07:00:00";"6.99";"795.33";"9.55"
"Sterling MS";"Aug 10, 2026, 06:00:00";"2.58";"768.84";"12.83"
"Sterling MS";"Aug 10, 2026, 05:00:00";"0.53";"728.38";"14.06"
"Sterling MS";"Aug 10, 2026, 04:00:00";"0.47";"713.16";"12.37"
"Sterling MS";"Aug 10, 2026, 03:00:00";"0.52";"643.23";"12.15"
"Sterling MS";"Aug 10, 2026, 02:00:00";"0.14";"543.35";"13.22"
"Sterling MS";"Aug 10, 2026, 01:00:00";"10.88";"366.34";"13.86"
"Sterling MS";"Aug 10, 2026, 00:00:00";"11.4";"294.71";"14.07"
"Sterling MS";"Aug 9, 2026, 23:00:00";"4.49";"255.57";"14.51"
"Sterling MS";"Aug 9, 2026, 22:00:00";"7.28";"217.1";"14.61"
"Sterling MS";"Aug 9, 2026, 21:00:00";"3.28";"158.61";"16.54"
"Sterling MS";"Aug 9, 2026, 20:00:00";"0.79";"116.11";"17.78"
"Sterling MS";"Aug 9, 2026, 19:00:00";"0";"92.27";"17.09"
"Sterling MS";"Aug 9, 2026, 18:00:00";"0";"79.5";"16.35"
"Sterling MS";"Aug 9, 2026, 17:00:00";"0";"67.87";"14.97"
"Sterling MS";"Aug 9, 2026, 16:00:00";"0";"56.32";"13.61"
"Sterling MS";"Aug 9, 2026, 15:00:00";"0";"88.86";"14.13"
"Sterling MS";"Aug 9, 2026, 14:00:00";"0";"132.2";"14.71"
"Sterling MS";"Aug 9, 2026, 13:00:00";"0";"178.83";"15.12"
"Sterling MS";"Aug 9, 2026, 12:00:00";"0";"204.33";"13.15"
"Sterling MS";"Aug 9, 2026, 11:00:00";"0";"280.56";"13.04"
"Sterling MS";"Aug 9, 2026, 10:00:00";"0";"361.97";"11.88"
"Sterling MS";"Aug 9, 2026, 09:00:00";"0.31";"720.47";"8.31"
"Sterling MS";"Aug 9, 2026, 08:00:00";"0.56";"865.91";"5.94"
"Sterling MS";"Aug 9, 2026, 07:00:00";"0.74";"811.24";"5.87"
"Sterling MS";"Aug 9, 2026, 06:00:00";"2.63";"735.06";"5.68"
"Sterling MS";"Aug 9, 2026, 05:00:00";"3.58";"654.4";"5.38"
"Sterling MS";"Aug 9, 2026, 04:00:00";"3.97";"587.34";"5.43"
"Sterling MS";"Aug 9, 2026, 03:00:00";"2.28";"483.37";"6.32"
"Sterling MS";"Aug 9, 2026, 02:00:00";"4.6";"387.45";"5.94"
"Sterling MS";"Aug 9, 2026, 01:00:00";"20.24";"298.6";"5.77"
"Sterling MS";"Aug 9, 2026, 00:00:00";"17.75";"254.61";"6.56"
"Sterling MS";"Aug 8, 2026, 23:00:00";"8.51";"237.93";"7.19"
"Sterling MS";"Aug 8, 2026, 22:00:00";"9.83";"212.99";"7.58"
"Sterling MS";"Aug 8, 2026, 21:00:00";"6.91";"178.41";"7.82"
"Sterling MS";"Aug 8, 2026, 20:00:00";"3.7";"163.33";"8.36"
"Sterling MS";"Aug 8, 2026, 19:00:00";"0.59";"136.02";"8.74"
"Sterling MS";"Aug 8, 2026, 18:00:00";"0";"158.36";"8.44"
"Sterling MS";"Aug 8, 2026, 17:00:00";"0.44";"198.5";"10.27"
"Sterling MS";"Aug 8, 2026, 16:00:00";"0.01";"160.57";"11.19"
"Sterling MS";"Aug 8, 2026, 15:00:00";"0";"170.83";"10.19"
"Sterling MS";"Aug 8, 2026, 14:00:00";"0";"199.32";"7.53"
"Sterling MS";"Aug 8, 2026, 13:00:00";"0";"203.8";"7.99"
"Sterling MS";"Aug 8, 2026, 12:00:00";"0";"189.38";"5.91"
"Sterling MS";"Aug 8, 2026, 11:00:00";"0";"252.33";"4.87"
"Sterling MS";"Aug 8, 2026, 10:00:00";"0";"503.88";"4.86"
"Sterling MS";"Aug 8, 2026, 09:00:00";"0.56";"831.14";"3.83"
"Sterling MS";"Aug 8, 2026, 08:00:00";"3.62";"1067.65";"3.17"
"Sterling MS";"Aug 8, 2026, 07:00:00";"3.04";"989.15";"4.66"
"Sterling MS";"Aug 8, 2026, 06:00:00";"1.48";"936.34";"4.7"
"Sterling MS";"Aug 8, 2026, 05:00:00";"3.08";"928.87";"3.85"
"Sterling MS";"Aug 8, 2026, 04:00:00";"1.93";"854.51";"3.73"
"Sterling MS";"Aug 8, 2026, 03:00:00";"1.71";"796.59";"3.08"
"Sterling MS";"Aug 8, 2026, 02:00:00";"8.38";"768.53";"3.04"
"Sterling MS";"Aug 8, 2026, 01:00:00";"11.71";"693.79";"2.86"
"Sterling MS";"Aug 8, 2026, 00:00:00";"8.32";"599.7";"3.42"
"Sterling MS";"Aug 7, 2026, 23:00:00";"8.32";"499.34";"3.35"
"Sterling MS";"Aug 7, 2026, 22:00:00";"8.46";"371.85";"2.26"
"Sterling MS";"Aug 7, 2026, 21:00:00";"8.54";"416.68";"2.89"
"Sterling MS";"Aug 7, 2026, 20:00:00";"3.67";"463.93";"3.59"
"Sterling MS";"Aug 7, 2026, 19:00:00";"1.58";"365.51";"5.58"
"Sterling MS";"Aug 7, 2026, 18:00:00";"0.29";"289.19";"6.36"
"Sterling MS";"Aug 7, 2026, 17:00:00";"0.77";"248.59";"5.71"
"Sterling MS";"Aug 7, 2026, 16:00:00";"0";"200.71";"5.2"
"Sterling MS";"Aug 7, 2026, 15:00:00";"0";"193.94";"5.04"
"Sterling MS";"Aug 7, 2026, 14:00:00";"0";"214.08";"5.1"
"Sterling MS";"Aug 7, 2026, 13:00:00";"0.05";"209.78";"4.26"
"Sterling MS";"Aug 7, 2026, 12:00:00";"0";"343.89";"5.54"
"Sterling MS";"Aug 7, 2026, 11:00:00";"0";"511.93";"5.74"
"Sterling MS";"Aug 7, 2026, 10:00:00";"0";"678.76";"4.98"
"Sterling MS";"Aug 7, 2026, 09:00:00";"1.45";"986.65";"3.95"
"Sterling MS";"Aug 7, 2026, 08:00:00";"4.63";"1216.4";"2.01"
"Sterling MS";"Aug 7, 2026, 07:00:00";"3.63";"1134.26";"6.07"
"Sterling MS";"Aug 7, 2026, 06:00:00";"3.18";"1027.97";"6.63"
"Sterling MS";"Aug 7, 2026, 05:00:00";"0.88";"969.97";"4.41"
"Sterling MS";"Aug 7, 2026, 04:00:00";"3.26";"999.56";"2.96"
"Sterling MS";"Aug 7, 2026, 03:00:00";"2.92";"1044.81";"3.41"
"Sterling MS";"Aug 7, 2026, 02:00:00";"8.57";"1059.32";"4.13"
"Sterling MS";"Aug 7, 2026, 01:00:00";"10.36";"1036.33";"5.01"
"Sterling MS";"Aug 7, 2026, 00:00:00";"14.58";"1000.39";"4.17"
"Sterling MS";"Aug 6, 2026, 23:00:00";"18.11";"900.8";"3.13"
"Sterling MS";"Aug 6, 2026, 22:00:00";"21.04";"895.08";"2.31"
"Sterling MS";"Aug 6, 2026, 21:00:00";"16.07";"981.58";"3.28"
"Sterling MS";"Aug 6, 2026, 20:00:00";"19.84";"1082.95";"7.56"
"Sterling MS";"Aug 6, 2026, 19:00:00";"11.3";"819.47";"6.88"
"Sterling MS";"Aug 6, 2026, 18:00:00";"11.34";"799.16";"4.94"
"Sterling MS";"Aug 6, 2026, 17:00:00";"15.45";"579.32";"4.48"
"Sterling MS";"Aug 6, 2026, 16:00:00";"11.02";"285.83";"3.95"
"Sterling MS";"Aug 6, 2026, 15:00:00";"0";"274.85";"9.92"
"Sterling MS";"Aug 6, 2026, 14:00:00";"0.33";"312.25";"10.18"
"Sterling MS";"Aug 6, 2026, 13:00:00";"0.85";"321.15";"10.1"
"Sterling MS";"Aug 6, 2026, 12:00:00";"0.01";"432.48";"12.76"
"Sterling MS";"Aug 6, 2026, 11:00:00";"0.55";"611.48";"13.22"
"Sterling MS";"Aug 6, 2026, 10:00:00";"4.37";"876.38";"12.03"
"Sterling MS";"Aug 6, 2026, 09:00:00";"5.18";"1128.68";"10.78"
"Sterling MS";"Aug 6, 2026, 08:00:00";"9";"1231.24";"9.49"
"Sterling MS";"Aug 6, 2026, 07:00:00";"9.65";"1189.74";"9.86"
"Sterling MS";"Aug 6, 2026, 06:00:00";"8.28";"1142.73";"9.83"
"Sterling MS";"Aug 6, 2026, 05:00:00";"8.81";"1084.83";"9.42"
"Sterling MS";"Aug 6, 2026, 04:00:00";"8.35";"1025.76";"9.4"
"Sterling MS";"Aug 6, 2026, 03:00:00";"9.43";"975.78";"9.19"
"Sterling MS";"Aug 6, 2026, 02:00:00";"8.04";"869";"9.31"
"Sterling MS";"Aug 6, 2026, 01:00:00";"9.03";"778.74";"9.31"
"Sterling MS";"Aug 6, 2026, 00:00:00";"8.92";"688.25";"9.64"
"Sterling MS";"Aug 5, 2026, 23:00:00";"8.11";"573.37";"9.48"
"Sterling MS";"Aug 5, 2026, 22:00:00";"8.01";"509.28";"8.5"
"Sterling MS";"Aug 5, 2026, 21:00:00";"6.65";"485.25";"4.96"
"Sterling MS";"Aug 5, 2026, 20:00:00";"4.78";"426.75";"4.15"
"Sterling MS";"Aug 5, 2026, 19:00:00";"3.57";"431.87";"1.92"
"Sterling MS";"Aug 5, 2026, 18:00:00";"1.67";"452.24";"1.64"
"Sterling MS";"Aug 5, 2026, 17:00:00";"1.98";"599.29";"1.9"
"Sterling MS";"Aug 5, 2026, 16:00:00";"3.08";"778.09";"2.05"
"Sterling MS";"Aug 5, 2026, 15:00:00";"12.18";"1109.26";"3.02"
"Sterling MS";"Aug 5, 2026, 14:00:00";"9.64";"936.01";"2.16"
"Sterling MS";"Aug 5, 2026, 13:00:00";"7.09";"1008";"2.83"
"Sterling MS";"Aug 5, 2026, 12:00:00";"5.25";"960.76";"4.34"
"Sterling MS";"Aug 5, 2026, 11:00:00";"3.35";"1022.93";"2.73"
"Sterling MS";"Aug 5, 2026, 10:00:00";"7.46";"1287.77";"2.03"
"Sterling MS";"Aug 5, 2026, 09:00:00";"8.5";"1262.92";"2.6"
"Sterling MS";"Aug 5, 2026, 08:00:00";"9.97";"1243.7";"4.17"
"Sterling MS";"Aug 5, 2026, 07:00:00";"9.3";"1179.31";"6.99"
"Sterling MS";"Aug 5, 2026, 06:00:00";"9.18";"1065.33";"7.04"
"Sterling MS";"Aug 5, 2026, 05:00:00";"9.55";"964.24";"5.32"
"Sterling MS";"Aug 5, 2026, 04:00:00";"10.24";"813.52";"4.77"
"Sterling MS";"Aug 5, 2026, 03:00:00";"10.13";"569.7";"3.3"
"Sterling MS";"Aug 5, 2026, 02:00:00";"9.37";"482.66";"2.99"
"Sterling MS";"Aug 5, 2026, 01:00:00";"9.02";"434.41";"3.08"
"Sterling MS";"Aug 5, 2026, 00:00:00";"9.91";"416.37";"3.03"
"Sterling MS";"Aug 4, 2026, 23:00:00";"10.47";"381.98";"3.02"
"Sterling MS";"Aug 4, 2026, 22:00:00";"10.88";"325.39";"3.18"
"Sterling MS";"Aug 4, 2026, 21:00:00";"11.55";"261.08";"3.92"
"Sterling MS";"Aug 4, 2026, 20:00:00";"11.42";"193.15";"4.36"
"Sterling MS";"Aug 4, 2026, 19:00:00";"9.78";"122.63";"4.42"
"Sterling MS";"Aug 4, 2026, 18:00:00";"8.32";"90.22";"4.22"
"Sterling MS";"Aug 4, 2026, 17:00:00";"5.11";"82.62";"4.17"
"Sterling MS";"Aug 4, 2026, 16:00:00";"3.64";"96.63";"4.04"
"Sterling MS";"Aug 4, 2026, 15:00:00";"2.95";"100.75";"4.5"
"Sterling MS";"Aug 4, 2026, 14:00:00";"3.41";"100.1";"4.25"
"Sterling MS";"Aug 4, 2026, 13:00:00";"0.98";"84.68";"3.78"
"Sterling MS";"Aug 4, 2026, 12:00:00";"1.14";"101.31";"3.47"
"Sterling MS";"Aug 4, 2026, 11:00:00";"1.68";"140.34";"3.39"
"Sterling MS";"Aug 4, 2026, 10:00:00";"5.72";"228.87";"3.06"
"Sterling MS";"Aug 4, 2026, 09:00:00";"8.67";"348.43";"3.27"
"Sterling MS";"Aug 4, 2026, 08:00:00";"10.69";"425.9";"3.21"
"Sterling MS";"Aug 4, 2026, 07:00:00";"10.71";"405.84";"3.8"
"Sterling MS";"Aug 4, 2026, 06:00:00";"9.86";"388.45";"3.4"
"Sterling MS";"Aug 4, 2026, 05:00:00";"9.18";"346.74";"3.86"
"Sterling MS";"Aug 4, 2026, 04:00:00";"8.79";"294.38";"3.96"
"Sterling MS";"Aug 4, 2026, 03:00:00";"9.66";"265.21";"3.94"
"Sterling MS";"Aug 4, 2026, 02:00:00";"9.68";"255.04";"3.93"
"Sterling MS";"Aug 4, 2026, 01:00:00";"9.84";"207.29";"3.84"
"Sterling MS";"Aug 4, 2026, 00:00:00";"9.95";"161.5";"3.99"
"Sterling MS";"Aug 3, 2026, 23:00:00";"9.95";"148.7";"4.01"
"Sterling MS";"Aug 3, 2026, 22:00:00";"10.62";"143.19";"4.9"
"Sterling MS";"Aug 3, 2026, 21:00:00";"9.8";"115.6";"5.58"
"Sterling MS";"Aug 3, 2026, 20:00:00";"8.46";"100.47";"5.04"
"Sterling MS";"Aug 3, 2026, 19:00:00";"7.65";"84.51";"3.61"
"Sterling MS";"Aug 3, 2026, 18:00:00";"4.3";"65.23";"2.53"
"Sterling MS";"Aug 3, 2026, 17:00:00";"2.49";"93.21";"1.25"
"Sterling MS";"Aug 3, 2026, 16:00:00";"1.19";"164.18";"1.01"
"Sterling MS";"Aug 3, 2026, 15:00:00";"1.13";"232.43";"2.23"
"Sterling MS";"Aug 3, 2026, 14:00:00";"2.24";"290.14";"5.07"
"Sterling MS";"Aug 3, 2026, 13:00:00";"3.67";"314.45";"6.05"
"Sterling MS";"Aug 3, 2026, 12:00:00";"0.81";"435.19";"7.84"
"Sterling MS";"Aug 3, 2026, 11:00:00";"1.57";"669.23";"8.37"
"Sterling MS";"Aug 3, 2026, 10:00:00";"4.77";"1083";"9.66"
"Sterling MS";"Aug 3, 2026, 09:00:00";"8.85";"1292.44";"9.04"
"Sterling MS";"Aug 3, 2026, 08:00:00";"9.52";"1342.99";"8.56"
"Sterling MS";"Aug 3, 2026, 07:00:00";"10.18";"1349.94";"7.96"
"Sterling MS";"Aug 3, 2026, 06:00:00";"10.03";"1339.55";"7.83"
"Sterling MS";"Aug 3, 2026, 05:00:00";"10.38";"1300.56";"6.32"
"Sterling MS";"Aug 3, 2026, 04:00:00";"10.81";"1275.72";"4.4"
"Sterling MS";"Aug 3, 2026, 03:00:00";"10.42";"1273.58";"4.72"
"Sterling MS";"Aug 3, 2026, 02:00:00";"11.21";"1301.42";"5.64"
"Sterling MS";"Aug 3, 2026, 01:00:00";"11.37";"1268.39";"5.32"
"Sterling MS";"Aug 3, 2026, 00:00:00";"12.41";"1215.91";"4.73"
"Sterling MS";"Aug 2, 2026, 23:00:00";"13.17";"1176.12";"4.56"
"Sterling MS";"Aug 2, 2026, 22:00:00";"13.49";"1150.52";"4.14"
"Sterling MS";"Aug 2, 2026, 21:00:00";"12.51";"1161.17";"6.23"
"Sterling MS";"Aug 2, 2026, 20:00:00";"11.09";"1132.39";"8.41"
"Sterling MS";"Aug 2, 2026, 19:00:00";"11.11";"1135.65";"6.65"
"Sterling MS";"Aug 2, 2026, 18:00:00";"11.91";"1166.19";"6.63"
"Sterling MS";"Aug 2, 2026, 17:00:00";"11.39";"1003.46";"6.77"
"Sterling MS";"Aug 2, 2026, 16:00:00";"6.8";"736.02";"7.04"
"Sterling MS";"Aug 2, 2026, 15:00:00";"9.06";"943.03";"6.73"
"Sterling MS";"Aug 2, 2026, 14:00:00";"12.22";"1012.03";"8.98"
"Sterling MS";"Aug 2, 2026, 13:00:00";"11.03";"1093.63";"9.45"
"Sterling MS";"Aug 2, 2026, 12:00:00";"12.36";"1025.54";"9.33"
"Sterling MS";"Aug 2, 2026, 11:00:00";"12.56";"884.98";"7.86"
"Sterling MS";"Aug 2, 2026, 10:00:00";"11.82";"762.75";"6.95"
"Sterling MS";"Aug 2, 2026, 09:00:00";"11.64";"631.69";"5.77"
"Sterling MS";"Aug 2, 2026, 08:00:00";"12.27";"597.05";"5.19"
"Sterling MS";"Aug 2, 2026, 07:00:00";"11.77";"493.59";"5.06"
"Sterling MS";"Aug 2, 2026, 06:00:00";"11.03";"426.63";"4.83"
"Sterling MS";"Aug 2, 2026, 05:00:00";"10.81";"378.61";"4.89"
"Sterling MS";"Aug 2, 2026, 04:00:00";"11.03";"341.14";"5.06"
"Sterling MS";"Aug 2, 2026, 03:00:00";"10.35";"315.24";"5.4"
"Sterling MS";"Aug 2, 2026, 02:00:00";"10.01";"296.93";"5.53"
"Sterling MS";"Aug 2, 2026, 01:00:00";"9.53";"279.04";"6.73"
"Sterling MS";"Aug 2, 2026, 00:00:00";"9.88";"323.17";"9.1"
"Sterling MS";"Aug 1, 2026, 23:00:00";"11.11";"347.22";"10.4"
"Sterling MS";"Aug 1, 2026, 22:00:00";"10.66";"272.13";"12.75"
"Sterling MS";"Aug 1, 2026, 21:00:00";"10.82";"231.57";"14.2"
"Sterling MS";"Aug 1, 2026, 20:00:00";"10.94";"193.53";"16.26"
"Sterling MS";"Aug 1, 2026, 19:00:00";"10.47";"161.81";"15.86"
"Sterling MS";"Aug 1, 2026, 18:00:00";"10.76";"138.57";"14.04"
"Sterling MS";"Aug 1, 2026, 17:00:00";"9.93";"103.64";"10.9"
"Sterling MS";"Aug 1, 2026, 16:00:00";"9.62";"96.38";"10.64"
"Sterling MS";"Aug 1, 2026, 15:00:00";"6.57";"74.77";"9.01"
"Sterling MS";"Aug 1, 2026, 14:00:00";"6.8";"106.49";"8.9"
"Sterling MS";"Aug 1, 2026, 13:00:00";"6.25";"104.58";"7.66"
"Sterling MS";"Aug 1, 2026, 12:00:00";"7.11";"122.63";"8.37"
"Sterling MS";"Aug 1, 2026, 11:00:00";"3.7";"168.79";"7.9"
"Sterling MS";"Aug 1, 2026, 10:00:00";"7.8";"246.37";"7.22"
"Sterling MS";"Aug 1, 2026, 09:00:00";"11.23";"314.87";"5.83"
"Sterling MS";"Aug 1, 2026, 08:00:00";"14.52";"338.16";"4.71"
"Sterling MS";"Aug 1, 2026, 07:00:00";"14.26";"292.53";"4.15"
"Sterling MS";"Aug 1, 2026, 06:00:00";"13.86";"240.48";"4.29"
"Sterling MS";"Aug 1, 2026, 05:00:00";"12.73";"204.01";"3.96"
"Sterling MS";"Aug 1, 2026, 04:00:00";"12.46";"185.63";"4.85"
"Sterling MS";"Aug 1, 2026, 03:00:00";"13.03";"180.83";"5.15"
"Sterling MS";"Aug 1, 2026, 02:00:00";"15.47";"132.9";"4.87"
"Sterling MS";"Aug 1, 2026, 01:00:00";"19.35";"111.15";"5.31"
"Sterling MS";"Aug 1, 2026, 00:00:00";"16.76";"106.34";"6.49"
"Sterling MS";"Jul 31, 2026, 23:00:00";"16.84";"115.74";"7.88"
"Sterling MS";"Jul 31, 2026, 22:00:00";"16.64";"100.86";"8.93"
"Sterling MS";"Jul 31, 2026, 21:00:00";"11.55";"70.17";"9.07"
"Sterling MS";"Jul 31, 2026, 20:00:00";"7.81";"52.35";"8.5"
"Sterling MS";"Jul 31, 2026, 19:00:00";"5.69";"45.73";"8.67"
"Sterling MS";"Jul 31, 2026, 18:00:00";"5.99";"45.86";"8.98"
"Sterling MS";"Jul 31, 2026, 17:00:00";"7.54";"47.06";"9.03"
"Sterling MS";"Jul 31, 2026, 16:00:00";"5.84";"50.41";"8.95"
"Sterling MS";"Jul 31, 2026, 15:00:00";"4.05";"51.54";"8.82"
"Sterling MS";"Jul 31, 2026, 14:00:00";"2.1";"55.64";"8.29"
"Sterling MS";"Jul 31, 2026, 13:00:00";"4.86";"80.28";"7.74"
"Sterling MS";"Jul 31, 2026, 12:00:00";"0.94";"106.76";"6.61"
"Sterling MS";"Jul 31, 2026, 11:00:00";"3.51";"133.23";"6.39"
"Sterling MS";"Jul 31, 2026, 10:00:00";"5.18";"155.27";"5.86"
"Sterling MS";"Jul 31, 2026, 09:00:00";"9.77";"192.65";"4.62"
"Sterling MS";"Jul 31, 2026, 08:00:00";"13.47";"223.02";"3.55"
"Sterling MS";"Jul 31, 2026, 07:00:00";"12.74";"227.92";"3.07"
"Sterling MS";"Jul 31, 2026, 06:00:00";"10.61";"195.89";"3.57"
"Sterling MS";"Jul 31, 2026, 05:00:00";"9.63";"180.36";"3.73"
"Sterling MS";"Jul 31, 2026, 04:00:00";"9.16";"189.89";"3.11"
"Sterling MS";"Jul 31, 2026, 03:00:00";"8.12";"140.42";"3.06"
"Sterling MS";"Jul 31, 2026, 02:00:00";"8.54";"126.39";"2.88"
"Sterling MS";"Jul 31, 2026, 01:00:00";"8.74";"110.9";"3.13"
"Sterling MS";"Jul 31, 2026, 00:00:00";"8.98";"105.04";"3.14"
"Sterling MS";"Jul 30, 2026, 23:00:00";"8.94";"96.16";"3.26"
"Sterling MS";"Jul 30, 2026, 22:00:00";"8.91";"92.42";"3.22"
"Sterling MS";"Jul 30, 2026, 21:00:00";"8.48";"88.64";"3.14"
"Sterling MS";"Jul 30, 2026, 20:00:00";"7.99";"82.02";"3.23"
"Sterling MS";"Jul 30, 2026, 19:00:00";"7.93";"77.27";"3.23"
"Sterling MS";"Jul 30, 2026, 18:00:00";"7.68";"67.49";"3.11"
"Sterling MS";"Jul 30, 2026, 17:00:00";"6.54";"61.32";"3.35"
"Sterling MS";"Jul 30, 2026, 16:00:00";"4.99";"63.51";"3.37"
"Sterling MS";"Jul 30, 2026, 15:00:00";"4.34";"64";"3.65"
"Sterling MS";"Jul 30, 2026, 14:00:00";"4.91";"60.78";"3.62"
"Sterling MS";"Jul 30, 2026, 13:00:00";"4.19";"61.77";"3.71"
"Sterling MS";"Jul 30, 2026, 12:00:00";"4.38";"63.52";"4.14"
"Sterling MS";"Jul 30, 2026, 11:00:00";"6.38";"73.55";"4.07"
"Sterling MS";"Jul 30, 2026, 10:00:00";"8.65";"82.74";"4.16"
"Sterling MS";"Jul 30, 2026, 09:00:00";"9.5";"109.07";"3.53"
"Sterling MS";"Jul 30, 2026, 08:00:00";"10.7";"124.67";"3.3"
"Sterling MS";"Jul 30, 2026, 07:00:00";"10.02";"121.38";"3.22"
"Sterling MS";"Jul 30, 2026, 06:00:00";"9.57";"127.25";"3.29"
"Sterling MS";"Jul 30, 2026, 05:00:00";"9.7";"141.39";"4.03"
"Sterling MS";"Jul 30, 2026, 04:00:00";"9.72";"142.14";"4.46"
"Sterling MS";"Jul 30, 2026, 03:00:00";"9.8";"135.82";"5.05"
"Sterling MS";"Jul 30, 2026, 02:00:00";"10.21";"137.96";"5.66"
"Sterling MS";"Jul 30, 2026, 01:00:00";"10.58";"136.66";"6.3"
"Sterling MS";"Jul 30, 2026, 00:00:00";"10.86";"134.17";"6.81"
"Sterling MS";"Jul 29, 2026, 23:00:00";"10.74";"123.81";"6.3"
"Sterling MS";"Jul 29, 2026, 22:00:00";"10.11";"112.56";"6.72"
"Sterling MS";"Jul 29, 2026, 21:00:00";"10.52";"109.39";"8"
"Sterling MS";"Jul 29, 2026, 20:00:00";"10.29";"103.14";"8.18"
"Sterling MS";"Jul 29, 2026, 19:00:00";"10.59";"95.71";"8.56"
"Sterling MS";"Jul 29, 2026, 18:00:00";"9.1";"84.95";"10.16"
"Sterling MS";"Jul 29, 2026, 17:00:00";"8.94";"85.25";"10.19"
"Sterling MS";"Jul 29, 2026, 16:00:00";"7.63";"80.3";"10.82"
"Sterling MS";"Jul 29, 2026, 15:00:00";"8.29";"85.6";"11.32"
"Sterling MS";"Jul 29, 2026, 14:00:00";"5.33";"80.13";"9.37"
"Sterling MS";"Jul 29, 2026, 13:00:00";"5.68";"96.62";"10.3"
"Sterling MS";"Jul 29, 2026, 12:00:00";"5.73";"128.71";"12.94"
"Sterling MS";"Jul 29, 2026, 11:00:00";"6.41";"210.39";"13.66"
"Sterling MS";"Jul 29, 2026, 10:00:00";"7.95";"348.18";"12.57"
"Sterling MS";"Jul 29, 2026, 09:00:00";"9.65";"544.47";"12.08"
"Sterling MS";"Jul 29, 2026, 08:00:00";"11.99";"662.58";"11.54"
"Sterling MS";"Jul 29, 2026, 07:00:00";"12";"689.47";"10.04"
"Sterling MS";"Jul 29, 2026, 06:00:00";"10.97";"711.46";"8.49"
"Sterling MS";"Jul 29, 2026, 05:00:00";"10.33";"738.25";"6.74"
"Sterling MS";"Jul 29, 2026, 04:00:00";"10.55";"762.53";"5.36"
"Sterling MS";"Jul 29, 2026, 03:00:00";"11.04";"782.99";"4.02"
"Sterling MS";"Jul 29, 2026, 02:00:00";"10.14";"816.76";"4.38"
"Sterling MS";"Jul 29, 2026, 01:00:00";"10.9";"865.98";"5.17"
"Sterling MS";"Jul 29, 2026, 00:00:00";"11.85";"810.11";"4.35"
"Sterling MS";"Jul 28, 2026, 23:00:00";"11.6";"752.39";"4.3"
"Sterling MS";"Jul 28, 2026, 22:00:00";"12.85";"718.01";"5.4"
"Sterling MS";"Jul 28, 2026, 21:00:00";"13.76";"626.71";"5.56"
"Sterling MS";"Jul 28, 2026, 20:00:00";"16.34";"604.05";"5.05"
"Sterling MS";"Jul 28, 2026, 19:00:00";"14.67";"475.11";"6.81"
"Sterling MS";"Jul 28, 2026, 18:00:00";"9.37";"237.15";"10.3"
"Sterling MS";"Jul 28, 2026, 17:00:00";"6.43";"257.63";"15.3"
"Sterling MS";"Jul 28, 2026, 16:00:00";"6.43";"306.9";"17.04"
"Sterling MS";"Jul 28, 2026, 15:00:00";"1.72";"261.07";"22.79"
"Sterling MS";"Jul 28, 2026, 14:00:00";"1.4";"295.85";"23.08"
"Sterling MS";"Jul 28, 2026, 13:00:00";"2.64";"373.92";"20.95"
"Sterling MS";"Jul 28, 2026, 12:00:00";"8.14";"430.92";"17.18"
"Sterling MS";"Jul 28, 2026, 11:00:00";"9.85";"440.05";"16.29"
"Sterling MS";"Jul 28, 2026, 10:00:00";"11.59";"438.13";"16.23"
"Sterling MS";"Jul 28, 2026, 09:00:00";"10.44";"496.18";"15.45"
"Sterling MS";"Jul 28, 2026, 08:00:00";"12.84";"532.3";"14.2"
"Sterling MS";"Jul 28, 2026, 07:00:00";"12.44";"492.15";"13.52"
"Sterling MS";"Jul 28, 2026, 06:00:00";"11.21";"447.39";"12.73"
"Sterling MS";"Jul 28, 2026, 05:00:00";"10.47";"390.18";"12.54"
"Sterling MS";"Jul 28, 2026, 04:00:00";"11.01";"363.56";"12.7"
"Sterling MS";"Jul 28, 2026, 03:00:00";"11.44";"326.6";"12.63"
"Sterling MS";"Jul 28, 2026, 02:00:00";"11.82";"309.57";"12.44"
"Sterling MS";"Jul 28, 2026, 01:00:00";"15.98";"264.59";"12.41"
"Sterling MS";"Jul 28, 2026, 00:00:00";"18.22";"212.36";"12"
"Sterling MS";"Jul 27, 2026, 23:00:00";"16.72";"166.5";"12.58"
"Sterling MS";"Jul 27, 2026, 22:00:00";"14.85";"140.16";"13.6"
"Sterling MS";"Jul 27, 2026, 21:00:00";"14.04";"106.56";"14.61"
"Sterling MS";"Jul 27, 2026, 20:00:00";"8.92";"85.52";"13.32"
"Sterling MS";"Jul 27, 2026, 19:00:00";"6.18";"94.96";"12.16"
"Sterling MS";"Jul 27, 2026, 18:00:00";"7.24";"91.37";"12.65"
"Sterling MS";"Jul 27, 2026, 17:00:00";"4.22";"85.09";"12.62"
"Sterling MS";"Jul 27, 2026, 16:00:00";"4.27";"94.71";"13.19"
"Sterling MS";"Jul 27, 2026, 15:00:00";"5.25";"100.14";"14.63"
"Sterling MS";"Jul 27, 2026, 14:00:00";"3.1";"120.28";"10.63"
"Sterling MS";"Jul 27, 2026, 13:00:00";"4.98";"147.86";"9.22"
"Sterling MS";"Jul 27, 2026, 12:00:00";"4.86";"176.83";"9.21"
"Sterling MS";"Jul 27, 2026, 11:00:00";"6.44";"236.77";"9.37"
"Sterling MS";"Jul 27, 2026, 10:00:00";"9.66";"319.01";"8.94"
"Sterling MS";"Jul 27, 2026, 09:00:00";"12.54";"489.17";"8.2"
"Sterling MS";"Jul 27, 2026, 08:00:00";"14.85";"631.74";"9.1"
"Sterling MS";"Jul 27, 2026, 07:00:00";"13.46";"613.66";"9.71"
"Sterling MS";"Jul 27, 2026, 06:00:00";"10.83";"628.9";"13.92"
"Sterling MS";"Jul 27, 2026, 05:00:00";"8.68";"635.15";"15.82"
"Sterling MS";"Jul 27, 2026, 04:00:00";"10.66";"673.11";"10.24"
"Sterling MS";"Jul 27, 2026, 03:00:00";"11.55";"656.29";"12.56"
"Sterling MS";"Jul 27, 2026, 02:00:00";"10.23";"538.08";"6.59"
"Sterling MS";"Jul 27, 2026, 01:00:00";"10.69";"530.89";"6.13"
"Sterling MS";"Jul 27, 2026, 00:00:00";"12.04";"543.09";"7.2"
"Sterling MS";"Jul 26, 2026, 23:00:00";"14.1";"420.86";"9.56"
"Sterling MS";"Jul 26, 2026, 22:00:00";"13.53";"279.86";"7.31"
"Sterling MS";"Jul 26, 2026, 21:00:00";"12.03";"222.65";"10.94"
"Sterling MS";"Jul 26, 2026, 20:00:00";"10.1";"164.81";"8.8"
"Sterling MS";"Jul 26, 2026, 19:00:00";"9.08";"133.28";"8.53"
"Sterling MS";"Jul 26, 2026, 18:00:00";"7.9";"119.56";"8.37"
"Sterling MS";"Jul 26, 2026, 17:00:00";"6.93";"110.14";"7.82"
"Sterling MS";"Jul 26, 2026, 16:00:00";"7.3";"128.51";"7.88"
"Sterling MS";"Jul 26, 2026, 15:00:00";"5.81";"129.29";"7.83"
"Sterling MS";"Jul 26, 2026, 14:00:00";"6.51";"155.36";"7.36"
"Sterling MS";"Jul 26, 2026, 13:00:00";"7.15";"179.03";"7.7"
"Sterling MS";"Jul 26, 2026, 12:00:00";"4.41";"209.61";"6.97"
"Sterling MS";"Jul 26, 2026, 11:00:00";"9.49";"256.33";"5.42"
"Sterling MS";"Jul 26, 2026, 10:00:00";"9.59";"288.07";"4.49"
"Sterling MS";"Jul 26, 2026, 09:00:00";"8.63";"373.79";"3.63"
"Sterling MS";"Jul 26, 2026, 08:00:00";"11.53";"441.88";"3.35"
"Sterling MS";"Jul 26, 2026, 07:00:00";"10.43";"403.67";"4.13"
"Sterling MS";"Jul 26, 2026, 06:00:00";"9.54";"374.46";"4.11"
"Sterling MS";"Jul 26, 2026, 05:00:00";"9.85";"332.6";"3.63"
"Sterling MS";"Jul 26, 2026, 04:00:00";"10.56";"320.75";"3.43"
"Sterling MS";"Jul 26, 2026, 03:00:00";"11.16";"320.9";"3.55"
"Sterling MS";"Jul 26, 2026, 02:00:00";"11.72";"283.22";"3.5"
"Sterling MS";"Jul 26, 2026, 01:00:00";"13.35";"244.03";"3.56"
"Sterling MS";"Jul 26, 2026, 00:00:00";"13.17";"181.47";"3.66"
"Sterling MS";"Jul 25, 2026, 23:00:00";"13.6";"148.1";"4.48"
"Sterling MS";"Jul 25, 2026, 22:00:00";"13.11";"108.95";"5.66"
"Sterling MS";"Jul 25, 2026, 21:00:00";"13.19";"89.64";"6.7"
"Sterling MS";"Jul 25, 2026, 20:00:00";"12.24";"81.06";"5.06"
"Sterling MS";"Jul 25, 2026, 19:00:00";"11.05";"77.4";"5.46"
"Sterling MS";"Jul 25, 2026, 18:00:00";"9.52";"82.57";"5.03"
"Sterling MS";"Jul 25, 2026, 17:00:00";"9.18";"86.42";"4.49"
"Sterling MS";"Jul 25, 2026, 16:00:00";"9";"105.52";"4.48"
"Sterling MS";"Jul 25, 2026, 15:00:00";"12.11";"113.31";"3.61"
"Sterling MS";"Jul 25, 2026, 14:00:00";"12";"88.25";"3.7"
"Sterling MS";"Jul 25, 2026, 13:00:00";"3.08";"73.3";"4.28"
"Sterling MS";"Jul 25, 2026, 12:00:00";"4.75";"91.18";"3.93"
"Sterling MS";"Jul 25, 2026, 11:00:00";"5.61";"132.07";"3.83"
"Sterling MS";"Jul 25, 2026, 10:00:00";"11.41";"212.91";"2.81"
"Sterling MS";"Jul 25, 2026, 09:00:00";"13.52";"279.12";"2.34"
"Sterling MS";"Jul 25, 2026, 08:00:00";"13.25";"337.42";"2.3"
"Sterling MS";"Jul 25, 2026, 07:00:00";"14.2";"327.5";"2.87"
"Sterling MS";"Jul 25, 2026, 06:00:00";"13.17";"319.83";"3.04"
"Sterling MS";"Jul 25, 2026, 05:00:00";"13.03";"293.31";"2.69"
"Sterling MS";"Jul 25, 2026, 04:00:00";"13.38";"226";"2.97"
"Sterling MS";"Jul 25, 2026, 03:00:00";"13.35";"153.55";"2.98"
"Sterling MS";"Jul 25, 2026, 02:00:00";"12.32";"101.53";"2.99"
"Sterling MS";"Jul 25, 2026, 01:00:00";"12.11";"81.54";"2.68"
"Sterling MS";"Jul 25, 2026, 00:00:00";"12.52";"64.28";"2.84"
"Sterling MS";"Jul 24, 2026, 23:00:00";"12.8";"55.54";"2.95"
"Sterling MS";"Jul 24, 2026, 22:00:00";"13.09";"45.17";"3.68"
"Sterling MS";"Jul 24, 2026, 21:00:00";"12.85";"33.82";"4.33"
"Sterling MS";"Jul 24, 2026, 20:00:00";"11.97";"34.92";"4.19"
"Sterling MS";"Jul 24, 2026, 19:00:00";"11.9";"36.67";"3.99"
"Sterling MS";"Jul 24, 2026, 18:00:00";"11.75";"29.49";"3.79"
"Sterling MS";"Jul 24, 2026, 17:00:00";"10.03";"24.49";"3.42"
"Sterling MS";"Jul 24, 2026, 16:00:00";"6.91";"21.17";"3.23"
"Sterling MS";"Jul 24, 2026, 15:00:00";"5.91";"28.11";"3.15"
"Sterling MS";"Jul 24, 2026, 14:00:00";"7.81";"30.62";"3.43"
"Sterling MS";"Jul 24, 2026, 13:00:00";"7.99";"37.43";"3.46"
"Sterling MS";"Jul 24, 2026, 12:00:00";"7.62";"50.8";"4.39"
"Sterling MS";"Jul 24, 2026, 11:00:00";"3.7";"68.85";"3.62"
"Sterling MS";"Jul 24, 2026, 10:00:00";"7.26";"154.83";"4.48"
"Sterling MS";"Jul 24, 2026, 09:00:00";"12.39";"213.65";"4.94"
"Sterling MS";"Jul 24, 2026, 08:00:00";"13.34";"260.72";"2.52"
"Sterling MS";"Jul 24, 2026, 07:00:00";"11.2";"221.64";"2.35"
"Sterling MS";"Jul 24, 2026, 06:00:00";"11.28";"191.14";"2.83"
"Sterling MS";"Jul 24, 2026, 05:00:00";"11.74";"166.25";"1.93"
"Sterling MS";"Jul 24, 2026, 04:00:00";"11.66";"144.69";"2.65"
"Sterling MS";"Jul 24, 2026, 03:00:00";"11.67";"116.32";"2.78"
"Sterling MS";"Jul 24, 2026, 02:00:00";"12.44";"89.47";"3.21"
"Sterling MS";"Jul 24, 2026, 01:00:00";"12.76";"65.14";"3.38"
"Sterling MS";"Jul 24, 2026, 00:00:00";"15.16";"45.96";"4.17"
"Sterling MS";"Jul 23, 2026, 23:00:00";"13.98";"38.69";"3.5"
"Sterling MS";"Jul 23, 2026, 22:00:00";"13.23";"29.51";"5.66"
"Sterling MS";"Jul 23, 2026, 21:00:00";"9.96";"5.8";"3.95"
"Sterling MS";"Jul 23, 2026, 20:00:00";"8.25";"6.4";"3.03"
"Sterling MS";"Jul 23, 2026, 19:00:00";"6.86";"8.16";"3.15"
"Sterling MS";"Jul 23, 2026, 18:00:00";"5.41";"8.11";"3.02"
"Sterling MS";"Jul 23, 2026, 17:00:00";"3.77";"6.07";"3.07"
"Sterling MS";"Jul 23, 2026, 16:00:00";"4.16";"9.48";"3.02"
"Sterling MS";"Jul 23, 2026, 15:00:00";"3.74";"11.05";"3.03"
"Sterling MS";"Jul 23, 2026, 14:00:00";"3.97";"16.73";"3.03"
"Sterling MS";"Jul 23, 2026, 13:00:00";"3.34";"20.44";"2.98"
"Sterling MS";"Jul 23, 2026, 12:00:00";"3.84";"25.1";"2.4"
"Sterling MS";"Jul 23, 2026, 11:00:00";"4.51";"39.69";"2.56"
"Sterling MS";"Jul 23, 2026, 10:00:00";"6.97";"53.76";"2.41"
"Sterling MS";"Jul 23, 2026, 09:00:00";"8.75";"72.85";"2.12"
"Sterling MS";"Jul 23, 2026, 08:00:00";"12.7";"87.57";"1.62"
"Sterling MS";"Jul 23, 2026, 07:00:00";"11.66";"82.71";"2.84"
"Sterling MS";"Jul 23, 2026, 06:00:00";"10.54";"74.66";"1.94"
"Sterling MS";"Jul 23, 2026, 05:00:00";"10.14";"67.42";"2.94"
"Sterling MS";"Jul 23, 2026, 04:00:00";"9.56";"63.21";"3.47"
"Sterling MS";"Jul 23, 2026, 03:00:00";"8.95";"56.2";"4.65"
"Sterling MS";"Jul 23, 2026, 02:00:00";"9.16";"55.31";"5.02"
"Sterling MS";"Jul 23, 2026, 01:00:00";"8.97";"54.47";"5.83"
"Sterling MS";"Jul 23, 2026, 00:00:00";"9.16";"57.85";"5.72"
"Sterling MS";"Jul 22, 2026, 23:00:00";"8.88";"66.64";"5.91"
"Sterling MS";"Jul 22, 2026, 22:00:00";"8.33";"73.83";"6.79"
"Sterling MS";"Jul 22, 2026, 21:00:00";"7.86";"64.58";"7.93"
"Sterling MS";"Jul 22, 2026, 20:00:00";"6.04";"66.33";"7.79"
"Sterling MS";"Jul 22, 2026, 19:00:00";"4.34";"77.57";"8.97"
"Sterling MS";"Jul 22, 2026, 18:00:00";"3.2";"86.7";"9.74"
"Sterling MS";"Jul 22, 2026, 17:00:00";"2.11";"89.75";"10.74"
"Sterling MS";"Jul 22, 2026, 16:00:00";"0.58";"104.91";"11.09"
"Sterling MS";"Jul 22, 2026, 15:00:00";"2.31";"125.35";"11.54"
"Sterling MS";"Jul 22, 2026, 14:00:00";"4.35";"150.76";"12.1"
"Sterling MS";"Jul 22, 2026, 13:00:00";"1.13";"185.41";"12.13"
"Sterling MS";"Jul 22, 2026, 12:00:00";"2.31";"234.85";"13.9"
"Sterling MS";"Jul 22, 2026, 11:00:00";"3.66";"283.37";"14.72"
"Sterling MS";"Jul 22, 2026, 10:00:00";"8.26";"401.4";"11.36"
"Sterling MS";"Jul 22, 2026, 09:00:00";"19.44";"662.08";"6.62"
"Sterling MS";"Jul 22, 2026, 08:00:00";"14.32";"913.58";"3.52"
"Sterling MS";"Jul 22, 2026, 07:00:00";"15.8";"896.65";"2.89"
"Sterling MS";"Jul 22, 2026, 06:00:00";"10.73";"856.02";"3.6"
"Sterling MS";"Jul 22, 2026, 05:00:00";"11.02";"836.73";"3.34"
"Sterling MS";"Jul 22, 2026, 04:00:00";"12.44";"810.8";"3.15"
"Sterling MS";"Jul 22, 2026, 03:00:00";"13.74";"767.39";"2.66"
"Sterling MS";"Jul 22, 2026, 02:00:00";"15.5";"688.52";"3.06"
"Sterling MS";"Jul 22, 2026, 01:00:00";"16.98";"680.07";"2.42"
"Sterling MS";"Jul 22, 2026, 00:00:00";"14.94";"756.55";"1.8"
"Sterling MS";"Jul 21, 2026, 23:00:00";"18.39";"686.66";"2.96"
"Sterling MS";"Jul 21, 2026, 22:00:00";"16.21";"617.86";"3.78"
"Sterling MS";"Jul 21, 2026, 21:00:00";"10.06";"765.94";"4.67"
"Sterling MS";"Jul 21, 2026, 20:00:00";"8.28";"688.49";"6.76"
"Sterling MS";"Jul 21, 2026, 19:00:00";"10.7";"610.97";"6.41"
"Sterling MS";"Jul 21, 2026, 18:00:00";"8.56";"437.17";"8.33"
"Sterling MS";"Jul 21, 2026, 17:00:00";"4.82";"335.27";"8.62"
"Sterling MS";"Jul 21, 2026, 16:00:00";"1.65";"350.24";"9.21"
"Sterling MS";"Jul 21, 2026, 15:00:00";"5.3";"380.07";"8.5"
"Sterling MS";"Jul 21, 2026, 14:00:00";"1.69";"372.11";"8.05"
"Sterling MS";"Jul 21, 2026, 13:00:00";"3.36";"413.56";"7.25"
"Sterling MS";"Jul 21, 2026, 12:00:00";"3.44";"475.96";"7.53"
"Sterling MS";"Jul 21, 2026, 11:00:00";"5.64";"568.05";"9.06"
"Sterling MS";"Jul 21, 2026, 10:00:00";"6.62";"709.35";"10.33"
"Sterling MS";"Jul 21, 2026, 09:00:00";"8.63";"774.7";"10.5"
"Sterling MS";"Jul 21, 2026, 08:00:00";"9.45";"810.06";"11.87"
"Sterling MS";"Jul 21, 2026, 07:00:00";"9.53";"818.54";"12.51"
"Sterling MS";"Jul 21, 2026, 06:00:00";"9.41";"812.91";"12.93"
"Sterling MS";"Jul 21, 2026, 05:00:00";"10.08";"780.63";"14.63"
"Sterling MS";"Jul 21, 2026, 04:00:00";"9.94";"710.49";"16.85"
"Sterling MS";"Jul 21, 2026, 03:00:00";"11.17";"638.06";"19.25"
"Sterling MS";"Jul 21, 2026, 02:00:00";"11.77";"545.9";"20.19"
"Sterling MS";"Jul 21, 2026, 01:00:00";"11.5";"460.64";"20.7"
"Sterling MS";"Jul 21, 2026, 00:00:00";"12.09";"368.96";"21.09"
"Sterling MS";"Jul 20, 2026, 23:00:00";"12.09";"254.93";"20.98"
"Sterling MS";"Jul 20, 2026, 22:00:00";"10.42";"173.19";"21.58"
"Sterling MS";"Jul 20, 2026, 21:00:00";"9.02";"139.12";"23.7"
"Sterling MS";"Jul 20, 2026, 20:00:00";"8.05";"106.8";"28.78"
"Sterling MS";"Jul 20, 2026, 19:00:00";"6.2";"84.31";"29.23"
"Sterling MS";"Jul 20, 2026, 18:00:00";"4.71";"74.19";"27.43"
"Sterling MS";"Jul 20, 2026, 17:00:00";"2.92";"74.57";"27.54"
"Sterling MS";"Jul 20, 2026, 16:00:00";"4.96";"69.89";"27.77"
"Sterling MS";"Jul 20, 2026, 15:00:00";"6.16";"70.02";"27.72"
"Sterling MS";"Jul 20, 2026, 14:00:00";"3.66";"77.83";"26.68"
"Sterling MS";"Jul 20, 2026, 13:00:00";"4.28";"69.51";"25.16"
"Sterling MS";"Jul 20, 2026, 12:00:00";"1.49";"72.4";"22.72"
"Sterling MS";"Jul 20, 2026, 11:00:00";"2.86";"105.67";"21.39"
"Sterling MS";"Jul 20, 2026, 10:00:00";"5.22";"130.38";"20.59"
"Sterling MS";"Jul 20, 2026, 09:00:00";"7.82";"162.34";"18.84"
"Sterling MS";"Jul 20, 2026, 08:00:00";"10.64";"248.3";"14.99"
"Sterling MS";"Jul 20, 2026, 07:00:00";"13.41";"268.69";"12.1"
"Sterling MS";"Jul 20, 2026, 06:00:00";"11.08";"257.77";"11.52"
"Sterling MS";"Jul 20, 2026, 05:00:00";"9.62";"226.84";"11.92"
"Sterling MS";"Jul 20, 2026, 04:00:00";"9.64";"201.41";"12.29"
"Sterling MS";"Jul 20, 2026, 03:00:00";"8.48";"175.77";"13.78"
"Sterling MS";"Jul 20, 2026, 02:00:00";"8.64";"143.75";"15.29"
"Sterling MS";"Jul 20, 2026, 01:00:00";"9.57";"144.14";"16.28"
"Sterling MS";"Jul 20, 2026, 00:00:00";"10.23";"138.2";"18.52"
"Sterling MS";"Jul 19, 2026, 23:00:00";"10.43";"116.57";"20.12"
"Sterling MS";"Jul 19, 2026, 22:00:00";"9.77";"94.7";"22.72"
"Sterling MS";"Jul 19, 2026, 21:00:00";"8.42";"89.58";"27.74"
"Sterling MS";"Jul 19, 2026, 20:00:00";"5.82";"74.31";"31.91"
"Sterling MS";"Jul 19, 2026, 19:00:00";"4.5";"84.94";"32.64"
"Sterling MS";"Jul 19, 2026, 18:00:00";"3.32";"103.2";"34.96"
"Sterling MS";"Jul 19, 2026, 17:00:00";"2.78";"115.94";"40.49"
"Sterling MS";"Jul 19, 2026, 16:00:00";"1.89";"129.89";"43.99"
"Sterling MS";"Jul 19, 2026, 15:00:00";"1.2";"146.28";"47.85"
"Sterling MS";"Jul 19, 2026, 14:00:00";"0.52";"152.18";"51.27"
"Sterling MS";"Jul 19, 2026, 13:00:00";"0.28";"185.87";"51.19"
"Sterling MS";"Jul 19, 2026, 12:00:00";"0";"226.31";"47.08"
"Sterling MS";"Jul 19, 2026, 11:00:00";"2.67";"287.21";"33.63"
"Sterling MS";"Jul 19, 2026, 10:00:00";"3.99";"343.65";"23.44"
"Sterling MS";"Jul 19, 2026, 09:00:00";"4.4";"416.6";"15.14"
"Sterling MS";"Jul 19, 2026, 08:00:00";"6.5";"499.32";"5.42"
"Sterling MS";"Jul 19, 2026, 07:00:00";"8.15";"521.19";"5.47"
"Sterling MS";"Jul 19, 2026, 06:00:00";"6.45";"460.52";"5.96"
"Sterling MS";"Jul 19, 2026, 05:00:00";"6.02";"457.09";"5.22"
"Sterling MS";"Jul 19, 2026, 04:00:00";"5.57";"507.55";"4.72"
"Sterling MS";"Jul 19, 2026, 03:00:00";"7.11";"628.53";"5.44"
"Sterling MS";"Jul 19, 2026, 02:00:00";"6.84";"748.17";"7.52"
"Sterling MS";"Jul 19, 2026, 01:00:00";"18.54";"900.57";"10.44"
"Sterling MS";"Jul 19, 2026, 00:00:00";"20.7";"922.24";"11.92"
"Sterling MS";"Jul 18, 2026, 23:00:00";"15.56";"913.82";"11.95"
"Sterling MS";"Jul 18, 2026, 22:00:00";"12.91";"952.27";"12.02"
"Sterling MS";"Jul 18, 2026, 21:00:00";"12.06";"925.08";"11.93"
"Sterling MS";"Jul 18, 2026, 20:00:00";"12.61";"864.28";"11.18"
"Sterling MS";"Jul 18, 2026, 19:00:00";"11.4";"688.86";"9.16"
"Sterling MS";"Jul 18, 2026, 18:00:00";"12.71";"634.04";"8.63"
"Sterling MS";"Jul 18, 2026, 17:00:00";"11.88";"484.17";"15.79"
"Sterling MS";"Jul 18, 2026, 16:00:00";"7.47";"320.17";"26.25"
"Sterling MS";"Jul 18, 2026, 15:00:00";"3.14";"301.57";"57.93"
"Sterling MS";"Jul 18, 2026, 14:00:00";"0";"361.06";"69.75"
"Sterling MS";"Jul 18, 2026, 13:00:00";"0";"424.9";"72.97"
"Sterling MS";"Jul 18, 2026, 12:00:00";"4.34";"494.5";"64.45"
"Sterling MS";"Jul 18, 2026, 11:00:00";"7.44";"519.54";"55.96"
"Sterling MS";"Jul 18, 2026, 10:00:00";"9.41";"552.65";"50.38"
"Sterling MS";"Jul 18, 2026, 09:00:00";"11.04";"539.28";"47.98"
"Sterling MS";"Jul 18, 2026, 08:00:00";"12.41";"490.62";"47.16"
"Sterling MS";"Jul 18, 2026, 07:00:00";"11.89";"437.77";"47.56"
"Sterling MS";"Jul 18, 2026, 06:00:00";"10.37";"383.65";"50.15"
"Sterling MS";"Jul 18, 2026, 05:00:00";"8.95";"378.94";"54.19"
"Sterling MS";"Jul 18, 2026, 04:00:00";"8.03";"376.93";"54.48"
"Sterling MS";"Jul 18, 2026, 03:00:00";"9.32";"340.83";"56.53"
"Sterling MS";"Jul 18, 2026, 02:00:00";"8.95";"281.07";"58.4"
"Sterling MS";"Jul 18, 2026, 01:00:00";"10.15";"236.3";"63.88"
"Sterling MS";"Jul 18, 2026, 00:00:00";"10.42";"214.99";"62.15"
"Sterling MS";"Jul 17, 2026, 23:00:00";"10.02";"194.47";"62.53"
"Sterling MS";"Jul 17, 2026, 22:00:00";"8.88";"144.08";"70.72"
"Sterling MS";"Jul 17, 2026, 21:00:00";"7.99";"100.93";"88.46"
"Sterling MS";"Jul 17, 2026, 20:00:00";"5.13";"77.83";"92.44"
"Sterling MS";"Jul 17, 2026, 19:00:00";"2.13";"95.09";"90.42"
"Sterling MS";"Jul 17, 2026, 18:00:00";"1.61";"86.56";"89.19"
"Sterling MS";"Jul 17, 2026, 17:00:00";"0.76";"69.68";"90.15"
"Sterling MS";"Jul 17, 2026, 16:00:00";"0.16";"60.21";"90.19"
"Sterling MS";"Jul 17, 2026, 15:00:00";"0.54";"62.82";"92.2"
"Sterling MS";"Jul 17, 2026, 14:00:00";"0.57";"55.43";"89"
"Sterling MS";"Jul 17, 2026, 13:00:00";"0.53";"52.03";"88.9"
"Sterling MS";"Jul 17, 2026, 12:00:00";"0.07";"44.4";"85.64"
"Sterling MS";"Jul 17, 2026, 11:00:00";"0";"57.48";"91.41"
"Sterling MS";"Jul 17, 2026, 10:00:00";"1.81";"90.34";"104.05"
"Sterling MS";"Jul 17, 2026, 09:00:00";"10.05";"134.69";"120.87"
"Sterling MS";"Jul 17, 2026, 08:00:00";"13.51";"142.76";"108.45"
"Sterling MS";"Jul 17, 2026, 07:00:00";"12.75";"140.87";"99.99"
"Sterling MS";"Jul 17, 2026, 06:00:00";"12.26";"147.91";"94.98"
"Sterling MS";"Jul 17, 2026, 05:00:00";"10.43";"115.9";"105.34"
"Sterling MS";"Jul 17, 2026, 04:00:00";"11.84";"79.01";"136.44"
"Sterling MS";"Jul 17, 2026, 03:00:00";"9.82";"72.47";"149.53"
"Sterling MS";"Jul 17, 2026, 02:00:00";"7.21";"110.64";"127.3"
"Sterling MS";"Jul 17, 2026, 01:00:00";"7.07";"144.95";"96.54"
"Sterling MS";"Jul 17, 2026, 00:00:00";"5.69";"176.14";"91.11"
"Sterling MS";"Jul 16, 2026, 23:00:00";"3.52";"249.79";"50.15"
"Sterling MS";"Jul 16, 2026, 22:00:00";"1.86";"236.06";"45.67"
"Sterling MS";"Jul 16, 2026, 21:00:00";"0.99";"211.24";"15.68"
"Sterling MS";"Jul 16, 2026, 20:00:00";"0";"182.56";"15.73"
"Sterling MS";"Jul 16, 2026, 19:00:00";"0.15";"196.9";"19.16"
"Sterling MS";"Jul 16, 2026, 18:00:00";"0";"196.45";"19.44"
"Sterling MS";"Jul 16, 2026, 17:00:00";"0";"216.16";"17"
"Sterling MS";"Jul 16, 2026, 16:00:00";"0";"242.31";"16.61"
"Sterling MS";"Jul 16, 2026, 15:00:00";"0";"261.95";"18.22"
"Sterling MS";"Jul 16, 2026, 14:00:00";"0";"252.74";"18.31"
"Sterling MS";"Jul 16, 2026, 13:00:00";"0";"284.37";"16.9"
"Sterling MS";"Jul 16, 2026, 12:00:00";"0";"329.55";"18.18"
"Sterling MS";"Jul 16, 2026, 11:00:00";"0.15";"352.57";"18.44"
"Sterling MS";"Jul 16, 2026, 10:00:00";"1.62";"360.24";"15.85"
"Sterling MS";"Jul 16, 2026, 09:00:00";"2.15";"364.8";"16.65"
"Sterling MS";"Jul 16, 2026, 08:00:00";"6.07";"389.58";"12.79"
"Sterling MS";"Jul 16, 2026, 07:00:00";"7.1";"404.49";"11.66"
"Sterling MS";"Jul 16, 2026, 06:00:00";"6.21";"400.7";"11.28"
"Sterling MS";"Jul 16, 2026, 05:00:00";"5.81";"386.27";"12.58"
"Sterling MS";"Jul 16, 2026, 04:00:00";"4.72";"374.58";"12.49"
"Sterling MS";"Jul 16, 2026, 03:00:00";"5.48";"366.34";"12.36"
"Sterling MS";"Jul 16, 2026, 02:00:00";"0.47";"355.22";"11.07"
"Sterling MS";"Jul 16, 2026, 01:00:00";"0.07";"345";"11.25"
"Sterling MS";"Jul 16, 2026, 00:00:00";"0";"340.37";"12.23"
"Sterling MS";"Jul 15, 2026, 23:00:00";"0.02";"331.71";"11.43"
"Sterling MS";"Jul 15, 2026, 22:00:00";"0.06";"282.48";"10.69"
"Sterling MS";"Jul 15, 2026, 21:00:00";"0";"227.78";"11.28"
"Sterling MS";"Jul 15, 2026, 20:00:00";"0";"216.78";"11.79"
"Sterling MS";"Jul 15, 2026, 19:00:00";"0";"209.86";"11.18"
"Sterling MS";"Jul 15, 2026, 18:00:00";"0";"203.51";"11.3"
"Sterling MS";"Jul 15, 2026, 17:00:00";"0";"195.73";"11.39"
"Sterling MS";"Jul 15, 2026, 16:00:00";"0";"200.68";"11.76"
"Sterling MS";"Jul 15, 2026, 15:00:00";"0";"206.38";"12.03"
"Sterling MS";"Jul 15, 2026, 14:00:00";"0";"219.38";"12.57"
"Sterling MS";"Jul 15, 2026, 13:00:00";"0";"246.04";"13.38"
"Sterling MS";"Jul 15, 2026, 12:00:00";"0";"272.91";"14.05"
"Sterling MS";"Jul 15, 2026, 11:00:00";"0";"288.58";"13.14"
"Sterling MS";"Jul 15, 2026, 10:00:00";"0";"311.74";"12.72"
"Sterling MS";"Jul 15, 2026, 09:00:00";"2";"367.95";"11.56"
"Sterling MS";"Jul 15, 2026, 08:00:00";"9.33";"444.92";"8.88"
"Sterling MS";"Jul 15, 2026, 07:00:00";"13.16";"427.12";"7.36"
"Sterling MS";"Jul 15, 2026, 06:00:00";"7.9";"403.02";"7.12"
"Sterling MS";"Jul 15, 2026, 05:00:00";"4.76";"362.87";"6.9"
"Sterling MS";"Jul 15, 2026, 04:00:00";"5.19";"335.64";"7.42"
"Sterling MS";"Jul 15, 2026, 03:00:00";"5.03";"311.2";"7.45"
"Sterling MS";"Jul 15, 2026, 02:00:00";"4.68";"287.04";"7.38"
"Sterling MS";"Jul 15, 2026, 01:00:00";"5.82";"258.15";"7.61"
"Sterling MS";"Jul 15, 2026, 00:00:00";"6.22";"241.94";"8.11"
"Sterling MS";"Jul 14, 2026, 23:00:00";"4.33";"226.46";"8.09"
"Sterling MS";"Jul 14, 2026, 22:00:00";"3.87";"203.01";"8.6"
"Sterling MS";"Jul 14, 2026, 21:00:00";"1.12";"171.11";"8.69"
"Sterling MS";"Jul 14, 2026, 20:00:00";"0.13";"147.33";"9.31"
"Sterling MS";"Jul 14, 2026, 19:00:00";"0";"132.53";"9.04"
"Sterling MS";"Jul 14, 2026, 18:00:00";"0";"122.97";"9.22"
"Sterling MS";"Jul 14, 2026, 17:00:00";"0";"130.09";"9.16"
"Sterling MS";"Jul 14, 2026, 16:00:00";"0";"128.19";"9.5"
"Sterling MS";"Jul 14, 2026, 15:00:00";"0";"131.97";"9.7"
"Sterling MS";"Jul 14, 2026, 14:00:00";"0";"134.05";"10.22"
"Sterling MS";"Jul 14, 2026, 13:00:00";"0";"152.12";"9.72"
"Sterling MS";"Jul 14, 2026, 12:00:00";"0";"179.8";"8.95"
"Sterling MS";"Jul 14, 2026, 11:00:00";"0";"225.85";"10.04"
"Sterling MS";"Jul 14, 2026, 10:00:00";"0.62";"281.36";"10.05"
"Sterling MS";"Jul 14, 2026, 09:00:00";"6.19";"359.69";"8.76"
"Sterling MS";"Jul 14, 2026, 08:00:00";"11.2";"415.36";"6.28"
"Sterling MS";"Jul 14, 2026, 07:00:00";"9.97";"374.21";"5.59"
"Sterling MS";"Jul 14, 2026, 06:00:00";"5.74";"337.01";"5.34"
"Sterling MS";"Jul 14, 2026, 05:00:00";"3.85";"299.55";"5.26"
"Sterling MS";"Jul 14, 2026, 04:00:00";"4.05";"264.78";"5.36"
"Sterling MS";"Jul 14, 2026, 03:00:00";"5.32";"234.49";"5.69"
"Sterling MS";"Jul 14, 2026, 02:00:00";"4.35";"226.43";"5.5"
"Sterling MS";"Jul 14, 2026, 01:00:00";"3.84";"201.8";"5.78"
"Sterling MS";"Jul 14, 2026, 00:00:00";"4.55";"168.46";"5.87"
"Sterling MS";"Jul 13, 2026, 23:00:00";"5.34";"114.56";"6.31"
"Sterling MS";"Jul 13, 2026, 22:00:00";"5.52";"89.57";"9.56"
"Sterling MS";"Jul 13, 2026, 21:00:00";"3.35";"71.67";"8.8"
"Sterling MS";"Jul 13, 2026, 20:00:00";"1.5";"53.76";"9.09"
"Sterling MS";"Jul 13, 2026, 19:00:00";"0.5";"41.94";"7.98"
"Sterling MS";"Jul 13, 2026, 18:00:00";"0";"38.08";"7.56"
"Sterling MS";"Jul 13, 2026, 17:00:00";"0";"37.7";"7.23"
"Sterling MS";"Jul 13, 2026, 16:00:00";"0";"47.04";"7.57"
"Sterling MS";"Jul 13, 2026, 15:00:00";"0";"56.97";"7.82"
"Sterling MS";"Jul 13, 2026, 14:00:00";"0";"67.89";"8.12"
"Sterling MS";"Jul 13, 2026, 13:00:00";"0";"65.34";"7.58"
"Sterling MS";"Jul 13, 2026, 12:00:00";"0";"98.98";"7.03"
"Sterling MS";"Jul 13, 2026, 11:00:00";"0";"181.63";"7.49"
"Sterling MS";"Jul 13, 2026, 10:00:00";"0";"273.37";"6.71"
"Sterling MS";"Jul 13, 2026, 09:00:00";"0.55";"361.29";"5.52"
"Sterling MS";"Jul 13, 2026, 08:00:00";"4.54";"392.57";"4.89"
"Sterling MS";"Jul 13, 2026, 07:00:00";"6.8";"364.01";"4.9"
"Sterling MS";"Jul 13, 2026, 06:00:00";"5.5";"366.81";"5.37"
"Sterling MS";"Jul 13, 2026, 05:00:00";"3.54";"351.53";"5.24"
"Sterling MS";"Jul 13, 2026, 04:00:00";"2.76";"336.28";"5.94"
"Sterling MS";"Jul 13, 2026, 03:00:00";"3.13";"276.84";"5.71"
"Sterling MS";"Jul 13, 2026, 02:00:00";"2.7";"237.67";"5.77"
"Sterling MS";"Jul 13, 2026, 01:00:00";"3.03";"213.49";"5.82"
"Sterling MS";"Jul 13, 2026, 00:00:00";"2.93";"207.7";"6.98"
"Sterling MS";"Jul 12, 2026, 23:00:00";"3.31";"210.29";"7.33"
"Sterling MS";"Jul 12, 2026, 22:00:00";"4.36";"207.56";"8.3"
"Sterling MS";"Jul 12, 2026, 21:00:00";"3.73";"200.16";"7.71"
"Sterling MS";"Jul 12, 2026, 20:00:00";"2.68";"208.04";"8.26"
"Sterling MS";"Jul 12, 2026, 19:00:00";"1.96";"251.92";"8.66"
"Sterling MS";"Jul 12, 2026, 18:00:00";"3.3";"296";"8.31"
"Sterling MS";"Jul 12, 2026, 17:00:00";"1.58";"285.36";"9.37"
"Sterling MS";"Jul 12, 2026, 16:00:00";"0";"267.1";"9.96"
"Sterling MS";"Jul 12, 2026, 15:00:00";"0";"292.13";"10.16"
"Sterling MS";"Jul 12, 2026, 14:00:00";"0";"335.54";"10.01"
"Sterling MS";"Jul 12, 2026, 13:00:00";"0";"383.21";"9.64"
"Sterling MS";"Jul 12, 2026, 12:00:00";"0";"445.55";"9.28"
"Sterling MS";"Jul 12, 2026, 11:00:00";"0.25";"632.96";"8.63"
"Sterling MS";"Jul 12, 2026, 10:00:00";"0.2";"671.05";"9.16"
"Sterling MS";"Jul 12, 2026, 09:00:00";"1.89";"814.44";"9.42"
"Sterling MS";"Jul 12, 2026, 08:00:00";"3.06";"898.53";"12.22"
"Sterling MS";"Jul 12, 2026, 07:00:00";"2.86";"896";"14.97"
"Sterling MS";"Jul 12, 2026, 06:00:00";"2.8";"886.05";"17.1"
"Sterling MS";"Jul 12, 2026, 05:00:00";"3.36";"877.98";"16.4"
"Sterling MS";"Jul 12, 2026, 04:00:00";"3.01";"829.45";"18.33"
"Sterling MS";"Jul 12, 2026, 03:00:00";"3.95";"834.64";"15.9"
"Sterling MS";"Jul 12, 2026, 02:00:00";"4.52";"829.16";"13.28"
"Sterling MS";"Jul 12, 2026, 01:00:00";"4.96";"766.23";"15.64"
"Sterling MS";"Jul 12, 2026, 00:00:00";"6.73";"753.79";"16.97"
"Sterling MS";"Jul 11, 2026, 23:00:00";"9.58";"550.85";"13.78"
"Sterling MS";"Jul 11, 2026, 22:00:00";"1.49";"349.06";"9.94"
"Sterling MS";"Jul 11, 2026, 21:00:00";"0.04";"306.08";"11.67"
"Sterling MS";"Jul 11, 2026, 20:00:00";"0";"267.53";"11"
"Sterling MS";"Jul 11, 2026, 19:00:00";"0";"243.33";"10.59"
"Sterling MS";"Jul 11, 2026, 18:00:00";"0";"224.39";"11.33"
"Sterling MS";"Jul 11, 2026, 17:00:00";"0";"232.77";"12.36"
"Sterling MS";"Jul 11, 2026, 16:00:00";"0";"235.11";"12.54"
"Sterling MS";"Jul 11, 2026, 15:00:00";"0";"261.48";"14.57"
"Sterling MS";"Jul 11, 2026, 14:00:00";"0";"280.45";"14.24"
"Sterling MS";"Jul 11, 2026, 13:00:00";"0";"300.65";"13.41"
"Sterling MS";"Jul 11, 2026, 12:00:00";"0";"339.88";"12.56"
"Sterling MS";"Jul 11, 2026, 11:00:00";"0";"384.45";"8.88"
"Sterling MS";"Jul 11, 2026, 10:00:00";"0";"437.55";"7.41"
"Sterling MS";"Jul 11, 2026, 09:00:00";"0.17";"527.61";"6.43"
"Sterling MS";"Jul 11, 2026, 08:00:00";"2.89";"613.45";"5.24"
"Sterling MS";"Jul 11, 2026, 07:00:00";"3.17";"606.29";"4.74"
"Sterling MS";"Jul 11, 2026, 06:00:00";"2.17";"606.33";"5.24"
"Sterling MS";"Jul 11, 2026, 05:00:00";"1.49";"671.72";"6.71"
"Sterling MS";"Jul 11, 2026, 04:00:00";"2.09";"707.39";"6.35"
"Sterling MS";"Jul 11, 2026, 03:00:00";"3.77";"724.9";"6.98"
"Sterling MS";"Jul 11, 2026, 02:00:00";"5.61";"753.93";"9.16"
"Sterling MS";"Jul 11, 2026, 01:00:00";"9.39";"746.15";"11.46"
"Sterling MS";"Jul 11, 2026, 00:00:00";"10.68";"694.79";"11.1"
"Sterling MS";"Jul 10, 2026, 23:00:00";"11.57";"621.57";"8.12"
"Sterling MS";"Jul 10, 2026, 22:00:00";"7.97";"502.19";"6.45"
"Sterling MS";"Jul 10, 2026, 21:00:00";"6.56";"491.58";"6.08"
"Sterling MS";"Jul 10, 2026, 20:00:00";"6.38";"412.8";"7.34"
"Sterling MS";"Jul 10, 2026, 19:00:00";"0";"399.79";"12.1"
"Sterling MS";"Jul 10, 2026, 18:00:00";"0";"351.27";"11.31"
"Sterling MS";"Jul 10, 2026, 17:00:00";"1.69";"480.51";"13.4"
"Sterling MS";"Jul 10, 2026, 16:00:00";"1.63";"353.22";"15.12"
"Sterling MS";"Jul 10, 2026, 15:00:00";"0.07";"299.24";"16.82"
"Sterling MS";"Jul 10, 2026, 14:00:00";"0";"300.15";"17.91"
"Sterling MS";"Jul 10, 2026, 13:00:00";"0";"320.38";"20.35"
"Sterling MS";"Jul 10, 2026, 12:00:00";"0";"352.52";"18.98"
"Sterling MS";"Jul 10, 2026, 11:00:00";"0";"370.79";"16.88"
"Sterling MS";"Jul 10, 2026, 10:00:00";"0";"432.43";"16.64"
"Sterling MS";"Jul 10, 2026, 09:00:00";"0.42";"546.77";"11.33"
"Sterling MS";"Jul 10, 2026, 08:00:00";"4.56";"660.48";"8.72"
"Sterling MS";"Jul 10, 2026, 07:00:00";"9.32";"683.09";"8.17"
"Sterling MS";"Jul 10, 2026, 06:00:00";"7.86";"675.58";"8.63"
"Sterling MS";"Jul 10, 2026, 05:00:00";"2.62";"670.76";"6.89"
"Sterling MS";"Jul 10, 2026, 04:00:00";"2.88";"706.93";"6"
"Sterling MS";"Jul 10, 2026, 03:00:00";"3.05";"750.4";"6.09"
"Sterling MS";"Jul 10, 2026, 02:00:00";"4.18";"853.83";"6.22"
"Sterling MS";"Jul 10, 2026, 01:00:00";"9.53";"1010.96";"6.25"
"Sterling MS";"Jul 10, 2026, 00:00:00";"14.03";"1060.35";"7.07"
"Sterling MS";"Jul 9, 2026, 23:00:00";"5.34";"976.73";"5.71"
"Sterling MS";"Jul 9, 2026, 22:00:00";"2.72";"862.99";"7.24"
"Sterling MS";"Jul 9, 2026, 21:00:00";"2.76";"817.21";"4.19"
"Sterling MS";"Jul 9, 2026, 20:00:00";"2.29";"839.6";"3.96"
"Sterling MS";"Jul 9, 2026, 19:00:00";"5.79";"975.21";"4.85"
"Sterling MS";"Jul 9, 2026, 18:00:00";"10.45";"902.71";"7.58"
"Sterling MS";"Jul 9, 2026, 17:00:00";"9.54";"798.48";"12.88"
"Sterling MS";"Jul 9, 2026, 16:00:00";"2.98";"460.61";"3.57"
"Sterling MS";"Jul 9, 2026, 15:00:00";"0";"459.01";"12.24"
"Sterling MS";"Jul 9, 2026, 13:00:00";"0";"689.99";"15.19"
"Sterling MS";"Jul 9, 2026, 12:00:00";"0";"825.54";"14.22"
"Sterling MS";"Jul 9, 2026, 11:00:00";"0.18";"928.39";"13.25"
"Sterling MS";"Jul 9, 2026, 10:00:00";"2.83";"1034.26";"12.82"
"Sterling MS";"Jul 9, 2026, 09:00:00";"2.68";"1056.8";"11.49"
"Sterling MS";"Jul 9, 2026, 08:00:00";"4.34";"1073.95";"10.73"
"Sterling MS";"Jul 9, 2026, 07:00:00";"3.52";"1021.5";"11.16"
"Sterling MS";"Jul 9, 2026, 06:00:00";"3.22";"985.22";"8.2"
"Sterling MS";"Jul 9, 2026, 05:00:00";"3";"965.89";"7.97"
"Sterling MS";"Jul 9, 2026, 04:00:00";"3.54";"940.43";"7.75"
"Sterling MS";"Jul 9, 2026, 03:00:00";"3.1";"898.03";"7.69"
"Sterling MS";"Jul 9, 2026, 02:00:00";"3.71";"827.89";"7.28"
"Sterling MS";"Jul 9, 2026, 01:00:00";"4.08";"715.69";"7.51"
"Sterling MS";"Jul 9, 2026, 00:00:00";"4.92";"656.21";"7.5"
"Sterling MS";"Jul 8, 2026, 23:00:00";"5.73";"593.19";"8.29"
"Sterling MS";"Jul 8, 2026, 22:00:00";"6.34";"514.46";"8.39"
"Sterling MS";"Jul 8, 2026, 21:00:00";"5.24";"456.72";"8.93"
"Sterling MS";"Jul 8, 2026, 20:00:00";"2.93";"416.63";"9.59"
"Sterling MS";"Jul 8, 2026, 19:00:00";"1.92";"387.42";"8.67"
"Sterling MS";"Jul 8, 2026, 18:00:00";"0.6";"366.16";"9.29"
"Sterling MS";"Jul 8, 2026, 17:00:00";"0";"369.71";"8.82"
"Sterling MS";"Jul 8, 2026, 16:00:00";"0.01";"432.6";"9.67"
"Sterling MS";"Jul 8, 2026, 15:00:00";"0.01";"502.01";"9.2"
"Sterling MS";"Jul 8, 2026, 14:00:00";"0.13";"576.26";"9.43"
"Sterling MS";"Jul 8, 2026, 13:00:00";"0.23";"603.22";"7.96"
"Sterling MS";"Jul 8, 2026, 12:00:00";"0.23";"647.74";"7.95"
"Sterling MS";"Jul 8, 2026, 11:00:00";"0.85";"725.49";"6.86"
"Sterling MS";"Jul 8, 2026, 10:00:00";"2.2";"786.73";"7.44"
"Sterling MS";"Jul 8, 2026, 09:00:00";"3.6";"846.71";"6.59"
"Sterling MS";"Jul 8, 2026, 08:00:00";"2.93";"882.62";"9.47"
"Sterling MS";"Jul 8, 2026, 07:00:00";"3.69";"901.17";"13.72"
"Sterling MS";"Jul 8, 2026, 06:00:00";"3.04";"917.21";"15.62"
"Sterling MS";"Jul 8, 2026, 05:00:00";"2.54";"928.1";"13.55"
"Sterling MS";"Jul 8, 2026, 04:00:00";"2.02";"984.88";"16.6"
"Sterling MS";"Jul 8, 2026, 03:00:00";"1.95";"1045.83";"22.26"
"Sterling MS";"Jul 8, 2026, 02:00:00";"2.54";"1086.08";"22.1"
"Sterling MS";"Jul 8, 2026, 01:00:00";"2.48";"1081.44";"18.84"
"Sterling MS";"Jul 8, 2026, 00:00:00";"5.22";"1019.03";"13.97"
"Sterling MS";"Jul 7, 2026, 23:00:00";"3.18";"937.57";"16.35"
"Sterling MS";"Jul 7, 2026, 22:00:00";"3.22";"858.41";"15.51"
"Sterling MS";"Jul 7, 2026, 21:00:00";"2.25";"834.35";"13.7"
"Sterling MS";"Jul 7, 2026, 20:00:00";"2.3";"773.83";"12.85"
"Sterling MS";"Jul 7, 2026, 19:00:00";"1.25";"596.1";"13.41"
"Sterling MS";"Jul 7, 2026, 18:00:00";"0";"459.88";"13.92"
"Sterling MS";"Jul 7, 2026, 17:00:00";"0";"472.14";"14.89"
"Sterling MS";"Jul 7, 2026, 16:00:00";"0";"519.5";"16.97"
"Sterling MS";"Jul 7, 2026, 15:00:00";"0";"631.28";"18.62"
"Sterling MS";"Jul 7, 2026, 14:00:00";"0";"674.6";"17.16"
"Sterling MS";"Jul 7, 2026, 13:00:00";"0";"723.72";"15.45"
"Sterling MS";"Jul 7, 2026, 12:00:00";"0";"787.89";"14.6"
"Sterling MS";"Jul 7, 2026, 11:00:00";"0.38";"896.62";"15.85"
"Sterling MS";"Jul 7, 2026, 10:00:00";"0.78";"963.77";"0"
"Sterling MS";"Jul 7, 2026, 09:00:00";"1.83";"1004.11";"0"
"Sterling MS";"Jul 7, 2026, 08:00:00";"2.02";"1021.14";"0"
"Sterling MS";"Jul 7, 2026, 07:00:00";"2.86";"1045.55";"0"
"Sterling MS";"Jul 7, 2026, 06:00:00";"2.28";"1040.74";"0"
"Sterling MS";"Jul 7, 2026, 05:00:00";"1.69";"1033.45";"0"
"Sterling MS";"Jul 7, 2026, 04:00:00";"2.38";"992.99";"13.12"
"Sterling MS";"Jul 7, 2026, 03:00:00";"2.58";"1019.93";"10.52"
"Sterling MS";"Jul 7, 2026, 02:00:00";"2.94";"990.76";"9.19"
"Sterling MS";"Jul 7, 2026, 01:00:00";"5.05";"958.18";"7.55"
"Sterling MS";"Jul 7, 2026, 00:00:00";"5.22";"857.85";"8.62"
"Sterling MS";"Jul 6, 2026, 23:00:00";"6.33";"711.79";"13.8"
"Sterling MS";"Jul 6, 2026, 22:00:00";"5.98";"490.76";"10.26"
"Sterling MS";"Jul 6, 2026, 21:00:00";"1.64";"405.67";"9.58"
"Sterling MS";"Jul 6, 2026, 20:00:00";"0";"476.16";"12.35"
"Sterling MS";"Jul 6, 2026, 19:00:00";"0";"485.28";"11.34"
"Sterling MS";"Jul 6, 2026, 18:00:00";"0";"436.03";"11.7"
"Sterling MS";"Jul 6, 2026, 17:00:00";"0";"371.28";"14.43"
"Sterling MS";"Jul 6, 2026, 16:00:00";"0";"362.39";"15.57"
"Sterling MS";"Jul 6, 2026, 15:00:00";"0";"363.96";"16.64"
"Sterling MS";"Jul 6, 2026, 14:00:00";"0";"433.43";"16.9"
"Sterling MS";"Jul 6, 2026, 13:00:00";"0";"532.58";"12.83"
"Sterling MS";"Jul 6, 2026, 12:00:00";"0";"595.36";"11.29"
"Sterling MS";"Jul 6, 2026, 11:00:00";"0.43";"708.98";"11.26"
"Sterling MS";"Jul 6, 2026, 10:00:00";"0.9";"707.04";"10.3"
"Sterling MS";"Jul 6, 2026, 09:00:00";"1.09";"748.11";"7.29"
"Sterling MS";"Jul 6, 2026, 08:00:00";"4.49";"813.11";"6.02"
"Sterling MS";"Jul 6, 2026, 07:00:00";"4.08";"777.52";"7.53"
"Sterling MS";"Jul 6, 2026, 06:00:00";"2.95";"774.84";"8.4"
"Sterling MS";"Jul 6, 2026, 05:00:00";"2.96";"764.59";"9.49"
"Sterling MS";"Jul 6, 2026, 04:00:00";"2.98";"746.9";"9.68"
"Sterling MS";"Jul 6, 2026, 03:00:00";"3.11";"737.41";"8.91"
"Sterling MS";"Jul 6, 2026, 02:00:00";"4.27";"730.33";"8.62"
"Sterling MS";"Jul 6, 2026, 01:00:00";"4.71";"665.07";"9.41"
"Sterling MS";"Jul 6, 2026, 00:00:00";"4.71";"513.65";"9.45"
"Sterling MS";"Jul 5, 2026, 23:00:00";"3.15";"375.8";"9.94"
"Sterling MS";"Jul 5, 2026, 22:00:00";"2.46";"278.93";"11.94"
"Sterling MS";"Jul 5, 2026, 21:00:00";"0.5";"158.45";"9.98"
"Sterling MS";"Jul 5, 2026, 20:00:00";"0";"210.11";"15.27"
"Sterling MS";"Jul 5, 2026, 19:00:00";"0";"249.94";"22.98"
"Sterling MS";"Jul 5, 2026, 18:00:00";"0";"201.29";"19.63"
"Sterling MS";"Jul 5, 2026, 17:00:00";"0";"159.38";"16.19"
"Sterling MS";"Jul 5, 2026, 16:00:00";"0";"152.53";"16.19"
"Sterling MS";"Jul 5, 2026, 15:00:00";"0";"141.5";"14.19"
"Sterling MS";"Jul 5, 2026, 14:00:00";"0";"149.92";"12.04"
"Sterling MS";"Jul 5, 2026, 13:00:00";"0";"179.26";"11.28"
"Sterling MS";"Jul 5, 2026, 12:00:00";"0";"191.12";"11.27"
"Sterling MS";"Jul 5, 2026, 11:00:00";"0";"251.36";"12.03"
"Sterling MS";"Jul 5, 2026, 10:00:00";"0";"332.32";"13.7"
"Sterling MS";"Jul 5, 2026, 09:00:00";"0";"413.05";"11.5"
"Sterling MS";"Jul 5, 2026, 08:00:00";"1.68";"545.78";"12.77"
"Sterling MS";"Jul 5, 2026, 07:00:00";"1.6";"548.26";"14.34"
"Sterling MS";"Jul 5, 2026, 06:00:00";"2.98";"530.8";"14.32"
"Sterling MS";"Jul 5, 2026, 05:00:00";"4.84";"491.7";"14.27"
"Sterling MS";"Jul 5, 2026, 04:00:00";"8.02";"489.09";"14.99"
"Sterling MS";"Jul 5, 2026, 03:00:00";"3.3";"482.32";"12.29"
"Sterling MS";"Jul 5, 2026, 02:00:00";"2.87";"441.54";"12.56"
"Sterling MS";"Jul 5, 2026, 01:00:00";"1.97";"383.95";"13.9"
"Sterling MS";"Jul 5, 2026, 00:00:00";"1.71";"354.49";"14.87"
"Sterling MS";"Jul 4, 2026, 23:00:00";"3.69";"322.8";"31.91"
"Sterling MS";"Jul 4, 2026, 22:00:00";"2.81";"282.59";"16.92"
"Sterling MS";"Jul 4, 2026, 21:00:00";"0.27";"206";"9.4"
"Sterling MS";"Jul 4, 2026, 20:00:00";"0.55";"171.38";"10.19"
"Sterling MS";"Jul 4, 2026, 19:00:00";"0";"195.51";"17.02"
"Sterling MS";"Jul 4, 2026, 18:00:00";"0";"177.32";"17.19"
"Sterling MS";"Jul 4, 2026, 17:00:00";"0";"149.87";"13.42"
"Sterling MS";"Jul 4, 2026, 16:00:00";"0";"162.19";"13.74"
"Sterling MS";"Jul 4, 2026, 15:00:00";"0";"170.36";"12.64"
"Sterling MS";"Jul 4, 2026, 14:00:00";"0";"155.49";"9.17"
"Sterling MS";"Jul 4, 2026, 13:00:00";"0";"172.01";"8.6"
"Sterling MS";"Jul 4, 2026, 12:00:00";"0";"204.87";"10.1"
"Sterling MS";"Jul 4, 2026, 11:00:00";"0";"216.63";"9.07"
"Sterling MS";"Jul 4, 2026, 10:00:00";"0";"239.69";"10.12"
"Sterling MS";"Jul 4, 2026, 09:00:00";"0";"227.96";"8.53"
"Sterling MS";"Jul 4, 2026, 08:00:00";"0";"235.36";"6.49"
"Sterling MS";"Jul 4, 2026, 07:00:00";"0";"281.33";"7.99"
"Sterling MS";"Jul 4, 2026, 06:00:00";"0.04";"350.64";"10.91"
"Sterling MS";"Jul 4, 2026, 05:00:00";"0";"380.14";"13.55"
"Sterling MS";"Jul 4, 2026, 04:00:00";"0";"369.8";"13.74"
"Sterling MS";"Jul 4, 2026, 03:00:00";"0";"369.88";"14.45"
"Sterling MS";"Jul 4, 2026, 02:00:00";"0";"361.72";"14.74"
"Sterling MS";"Jul 4, 2026, 01:00:00";"0";"372.88";"14.55"
"Sterling MS";"Jul 4, 2026, 00:00:00";"0";"362.82";"15.77"
"Sterling MS";"Jul 3, 2026, 23:00:00";"0";"330.87";"18.4"
"Sterling MS";"Jul 3, 2026, 22:00:00";"0";"297.4";"17.35"
"Sterling MS";"Jul 3, 2026, 21:00:00";"0";"263.28";"18.47"
"Sterling MS";"Jul 3, 2026, 20:00:00";"0";"240.73";"17.61"
"Sterling MS";"Jul 3, 2026, 19:00:00";"0";"240.12";"17.16"
"Sterling MS";"Jul 3, 2026, 18:00:00";"0";"237.05";"16.61"
"Sterling MS";"Jul 3, 2026, 17:00:00";"0";"233.51";"16.56"
"Sterling MS";"Jul 3, 2026, 16:00:00";"0";"225.43";"15.86"
"Sterling MS";"Jul 3, 2026, 15:00:00";"0";"230.77";"15.72"
"Sterling MS";"Jul 3, 2026, 14:00:00";"0";"256.23";"15.81"
"Sterling MS";"Jul 3, 2026, 13:00:00";"0";"277.08";"17.13"
"Sterling MS";"Jul 3, 2026, 12:00:00";"0";"317.54";"17.59"
"Sterling MS";"Jul 3, 2026, 11:00:00";"0";"384.99";"20.8"
"Sterling MS";"Jul 3, 2026, 10:00:00";"0";"421.6";"23.24"
"Sterling MS";"Jul 3, 2026, 09:00:00";"0";"463.4";"23.27"
"Sterling MS";"Jul 3, 2026, 08:00:00";"0";"494.71";"21.26"
"Sterling MS";"Jul 3, 2026, 07:00:00";"0.07";"491.72";"18.37"
"Sterling MS";"Jul 3, 2026, 06:00:00";"0.14";"449.31";"18.23"
"Sterling MS";"Jul 3, 2026, 05:00:00";"0.02";"401.02";"17.56"
"Sterling MS";"Jul 3, 2026, 04:00:00";"0";"360.83";"16.63"
"Sterling MS";"Jul 3, 2026, 03:00:00";"0";"335.61";"16.67"
"Sterling MS";"Jul 3, 2026, 02:00:00";"0";"318.71";"16.79"
"Sterling MS";"Jul 3, 2026, 01:00:00";"0";"312.95";"18.47"
"Sterling MS";"Jul 3, 2026, 00:00:00";"0";"343.01";"18.73"
"Sterling MS";"Jul 2, 2026, 23:00:00";"0";"331.93";"19.17"
"Sterling MS";"Jul 2, 2026, 22:00:00";"3.27";"290.83";"20.54"
"Sterling MS";"Jul 2, 2026, 21:00:00";"0";"266.45";"22.8"
"Sterling MS";"Jul 2, 2026, 20:00:00";"0";"257.57";"24.12"
"Sterling MS";"Jul 2, 2026, 19:00:00";"0";"242.37";"24.64"
"Sterling MS";"Jul 2, 2026, 18:00:00";"0";"241.5";"24.36"
"Sterling MS";"Jul 2, 2026, 17:00:00";"0";"242.82";"24.48"
"Sterling MS";"Jul 2, 2026, 16:00:00";"0";"254.09";"25.19"
"Sterling MS";"Jul 2, 2026, 15:00:00";"0";"275.67";"24.8"
"Sterling MS";"Jul 2, 2026, 14:00:00";"0";"312.87";"25.81"
"Sterling MS";"Jul 2, 2026, 13:00:00";"0";"356.99";"26.78"
"Sterling MS";"Jul 2, 2026, 12:00:00";"0";"414.83";"27.89"
"Sterling MS";"Jul 2, 2026, 11:00:00";"0";"445.15";"29.54"
"Sterling MS";"Jul 2, 2026, 10:00:00";"0";"497.89";"26.78"
"Sterling MS";"Jul 2, 2026, 09:00:00";"0";"518.69";"22.44"
"Sterling MS";"Jul 2, 2026, 08:00:00";"0.26";"532.39";"19.49"
"Sterling MS";"Jul 2, 2026, 07:00:00";"1.49";"536.05";"18.24"
"Sterling MS";"Jul 2, 2026, 06:00:00";"2.4";"506.2";"17.26"
"Sterling MS";"Jul 2, 2026, 05:00:00";"1.91";"493.19";"16.75"
"Sterling MS";"Jul 2, 2026, 04:00:00";"3.46";"525.97";"15.5"
"Sterling MS";"Jul 2, 2026, 03:00:00";"3.49";"592.93";"15.29"
"Sterling MS";"Jul 2, 2026, 02:00:00";"1.68";"542.25";"14.92"
"Sterling MS";"Jul 2, 2026, 01:00:00";"1.49";"487.77";"15.42"
"Sterling MS";"Jul 2, 2026, 00:00:00";"0.57";"441.17";"15.71"
"Sterling MS";"Jul 1, 2026, 23:00:00";"2.04";"383.69";"18.11"
"Sterling MS";"Jul 1, 2026, 22:00:00";"0";"348.34";"18.83"
"Sterling MS";"Jul 1, 2026, 21:00:00";"0";"324.13";"23.17"
"Sterling MS";"Jul 1, 2026, 20:00:00";"0";"323.22";"21.2"
"Sterling MS";"Jul 1, 2026, 19:00:00";"0";"325.3";"21.65"
"Sterling MS";"Jul 1, 2026, 18:00:00";"0";"345.23";"20.86"
"Sterling MS";"Jul 1, 2026, 17:00:00";"0";"351.2";"22.34"
"Sterling MS";"Jul 1, 2026, 16:00:00";"0";"341.59";"22.47"
"Sterling MS";"Jul 1, 2026, 15:00:00";"0";"352.24";"21.1"
"Sterling MS";"Jul 1, 2026, 14:00:00";"0";"362.1";"20.81"
"Sterling MS";"Jul 1, 2026, 13:00:00";"0";"388.35";"20.26"
"Sterling MS";"Jul 1, 2026, 12:00:00";"0";"399.86";"17.53"
"Sterling MS";"Jul 1, 2026, 11:00:00";"0";"375.13";"15.14"
"Sterling MS";"Jul 1, 2026, 10:00:00";"0.33";"351.78";"11.91"
"Sterling MS";"Jul 1, 2026, 09:00:00";"2.61";"327.21";"8.71"
"Sterling MS";"Jul 1, 2026, 08:00:00";"5.63";"316.51";"6.51"
"Sterling MS";"Jul 1, 2026, 07:00:00";"6.17";"291.87";"5.36"
"Sterling MS";"Jul 1, 2026, 06:00:00";"4.94";"262.01";"5.55"
"Sterling MS";"Jul 1, 2026, 05:00:00";"4.15";"241.13";"4.73"
"Sterling MS";"Jul 1, 2026, 04:00:00";"3.72";"222.31";"4.8"
"Sterling MS";"Jul 1, 2026, 03:00:00";"4.16";"211.5";"4.79"
"Sterling MS";"Jul 1, 2026, 02:00:00";"3.51";"195.5";"4.55"
"Sterling MS";"Jul 1, 2026, 01:00:00";"3.33";"178.02";"4.27"
"Sterling MS";"Jul 1, 2026, 00:00:00";"3.31";"169.62";"4.48"
"Sterling MS";"Jun 30, 2026, 23:00:00";"5.44";"177.35";"4.81"
"Sterling MS";"Jun 30, 2026, 22:00:00";"5.6";"183.93";"6.23"
"Sterling MS";"Jun 30, 2026, 21:00:00";"3.34";"194.46";"7.33"
"Sterling MS";"Jun 30, 2026, 20:00:00";"0.66";"214.86";"7.53"
"Sterling MS";"Jun 30, 2026, 19:00:00";"0";"235.77";"8.25"
"Sterling MS";"Jun 30, 2026, 18:00:00";"0";"241.68";"8.23"
"Sterling MS";"Jun 30, 2026, 17:00:00";"0";"251.11";"7.83"
"Sterling MS";"Jun 30, 2026, 16:00:00";"0";"256.34";"7.7"
"Sterling MS";"Jun 30, 2026, 15:00:00";"0";"263.77";"7.73"
"Sterling MS";"Jun 30, 2026, 14:00:00";"0";"271.05";"7.56"
"Sterling MS";"Jun 30, 2026, 13:00:00";"0";"292.01";"7.83"
"Sterling MS";"Jun 30, 2026, 12:00:00";"0";"340.5";"8.81"
"Sterling MS";"Jun 30, 2026, 11:00:00";"0";"375.93";"9.19"
"Sterling MS";"Jun 30, 2026, 10:00:00";"0.43";"436.32";"9.37"
"Sterling MS";"Jun 30, 2026, 09:00:00";"5.82";"541.43";"9.31"
"Sterling MS";"Jun 30, 2026, 08:00:00";"9.17";"607.28";"8.57"
"Sterling MS";"Jun 30, 2026, 07:00:00";"9.08";"570.85";"9.09"
"Sterling MS";"Jun 30, 2026, 06:00:00";"7.17";"526.63";"9.66"
"Sterling MS";"Jun 30, 2026, 05:00:00";"7.84";"495.93";"8.33"
"Sterling MS";"Jun 30, 2026, 04:00:00";"7.27";"467.12";"8.07"
"Sterling MS";"Jun 30, 2026, 03:00:00";"7.34";"391.09";"7.89"
"Sterling MS";"Jun 30, 2026, 02:00:00";"7.2";"346.3";"7.74"
"Sterling MS";"Jun 30, 2026, 01:00:00";"7.39";"304.13";"7.86"
"Sterling MS";"Jun 30, 2026, 00:00:00";"8.67";"276.97";"7.41"
"Sterling MS";"Jun 29, 2026, 23:00:00";"7.61";"227.62";"6.84"
"Sterling MS";"Jun 29, 2026, 22:00:00";"7.63";"221.71";"7.9"
"Sterling MS";"Jun 29, 2026, 21:00:00";"6.78";"248.93";"9.51"
"Sterling MS";"Jun 29, 2026, 20:00:00";"8.14";"279.17";"10.96"
"Sterling MS";"Jun 29, 2026, 19:00:00";"5.34";"243.05";"9.58"
"Sterling MS";"Jun 29, 2026, 18:00:00";"2.65";"287.56";"16.63"
"Sterling MS";"Jun 29, 2026, 17:00:00";"7.26";"299.52";"14.34"
"Sterling MS";"Jun 29, 2026, 15:00:00";"0";"358.4";"8.67"
"Sterling MS";"Jun 29, 2026, 14:00:00";"0";"388.55";"9.32"
"Sterling MS";"Jun 29, 2026, 13:00:00";"0";"475.37";"9.51"
"Sterling MS";"Jun 29, 2026, 12:00:00";"0";"624.67";"10.8"
"Sterling MS";"Jun 29, 2026, 11:00:00";"1.08";"844.43";"10.89"
"Sterling MS";"Jun 29, 2026, 10:00:00";"3.22";"958.48";"11.91"
"Sterling MS";"Jun 29, 2026, 09:00:00";"3.9";"989.91";"12.81"
"Sterling MS";"Jun 29, 2026, 08:00:00";"4.39";"996.87";"16.58"
"Sterling MS";"Jun 29, 2026, 07:00:00";"4.11";"955.38";"17.47"
"Sterling MS";"Jun 29, 2026, 06:00:00";"2.15";"898.82";"16.7"
"Sterling MS";"Jun 29, 2026, 05:00:00";"2";"896.98";"16.29"
"Sterling MS";"Jun 29, 2026, 04:00:00";"2.11";"857.79";"14.11"
"Sterling MS";"Jun 29, 2026, 03:00:00";"2.78";"890.87";"12.99"
"Sterling MS";"Jun 29, 2026, 02:00:00";"3.98";"892.78";"11.79"
"Sterling MS";"Jun 29, 2026, 01:00:00";"4.58";"864.15";"11.63"
"Sterling MS";"Jun 29, 2026, 00:00:00";"6.2";"856.03";"10.98"
"Sterling MS";"Jun 28, 2026, 23:00:00";"7.59";"838.33";"10.99"
"Sterling MS";"Jun 28, 2026, 22:00:00";"5.89";"815.49";"10.32"
"Sterling MS";"Jun 28, 2026, 21:00:00";"4.43";"805.82";"6.3"
"Sterling MS";"Jun 28, 2026, 20:00:00";"3.52";"778.46";"4.47"
"Sterling MS";"Jun 28, 2026, 19:00:00";"2.75";"734.64";"3.74"
"Sterling MS";"Jun 28, 2026, 18:00:00";"3.72";"832.4";"3.4"
"Sterling MS";"Jun 28, 2026, 17:00:00";"6.25";"916.53";"5.46"
"Sterling MS";"Jun 28, 2026, 16:00:00";"6.14";"914.8";"6.67"
"Sterling MS";"Jun 28, 2026, 15:00:00";"6.16";"895.06";"4.54"
"Sterling MS";"Jun 28, 2026, 14:00:00";"6.31";"915.95";"4.24"
"Sterling MS";"Jun 28, 2026, 13:00:00";"6.6";"900.52";"3.93"
"Sterling MS";"Jun 28, 2026, 12:00:00";"7.11";"900.6";"5.04"
"Sterling MS";"Jun 28, 2026, 11:00:00";"5.91";"856.46";"10.74"
"Sterling MS";"Jun 28, 2026, 10:00:00";"5.86";"886.02";"12.85"
"Sterling MS";"Jun 28, 2026, 09:00:00";"5.05";"868.14";"0"
"Sterling MS";"Jun 28, 2026, 08:00:00";"4.48";"873.41";"0"
"Sterling MS";"Jun 28, 2026, 07:00:00";"4.76";"869.11";"0"
"Sterling MS";"Jun 28, 2026, 06:00:00";"4.73";"848.71";"0"
"Sterling MS";"Jun 28, 2026, 05:00:00";"5.01";"834.06";"0"
"Sterling MS";"Jun 28, 2026, 04:00:00";"4.69";"844.18";"0"
"Sterling MS";"Jun 28, 2026, 03:00:00";"5.27";"836.89";"33.17"
"Sterling MS";"Jun 28, 2026, 02:00:00";"5.73";"817.39";"37.91"
"Sterling MS";"Jun 28, 2026, 01:00:00";"6.97";"811.43";"33.17"
"Sterling MS";"Jun 28, 2026, 00:00:00";"8.49";"797.76";"34.04"
"Sterling MS";"Jun 27, 2026, 23:00:00";"9.09";"751.98";"26.84"
"Sterling MS";"Jun 27, 2026, 22:00:00";"9.36";"662.4";"17.65"
"Sterling MS";"Jun 27, 2026, 21:00:00";"6.53";"595.35";"12.28"
"Sterling MS";"Jun 27, 2026, 20:00:00";"3.49";"493.98";"7.28"
"Sterling MS";"Jun 27, 2026, 19:00:00";"2.94";"433.37";"6.56"
"Sterling MS";"Jun 27, 2026, 18:00:00";"1.49";"433.7";"5.99"
"Sterling MS";"Jun 27, 2026, 17:00:00";"3.04";"433.91";"6.68"
"Sterling MS";"Jun 27, 2026, 16:00:00";"2";"406.04";"7.73"
"Sterling MS";"Jun 27, 2026, 15:00:00";"1.32";"397.32";"8.33"
"Sterling MS";"Jun 27, 2026, 14:00:00";"0.39";"409.24";"9.03"
"Sterling MS";"Jun 27, 2026, 13:00:00";"0.72";"384.01";"7.38"
"Sterling MS";"Jun 27, 2026, 12:00:00";"0.83";"467.08";"6.2"
"Sterling MS";"Jun 27, 2026, 11:00:00";"3.28";"632.35";"6.76"
"Sterling MS";"Jun 27, 2026, 10:00:00";"7.61";"707.3";"7.58"
"Sterling MS";"Jun 27, 2026, 09:00:00";"5.51";"737.08";"9.02"
"Sterling MS";"Jun 27, 2026, 08:00:00";"5.04";"746.22";"11.19"
"Sterling MS";"Jun 27, 2026, 07:00:00";"6.52";"700.55";"13.16"
"Sterling MS";"Jun 27, 2026, 06:00:00";"6.47";"600.76";"7.75"
"Sterling MS";"Jun 27, 2026, 05:00:00";"5.39";"552.16";"5.95"
"Sterling MS";"Jun 27, 2026, 04:00:00";"4.83";"501.62";"6.04"
"Sterling MS";"Jun 27, 2026, 03:00:00";"4.51";"471.46";"5.23"
"Sterling MS";"Jun 27, 2026, 02:00:00";"4.72";"484.64";"5.59"
"Sterling MS";"Jun 27, 2026, 01:00:00";"5.45";"507.78";"6.62"
"Sterling MS";"Jun 27, 2026, 00:00:00";"6.17";"542.52";"7.06"
"Sterling MS";"Jun 26, 2026, 23:00:00";"7.8";"501.44";"7.92"
"Sterling MS";"Jun 26, 2026, 22:00:00";"17.4";"458.57";"8.29"
"Sterling MS";"Jun 26, 2026, 21:00:00";"16.34";"385.71";"7.43"
"Sterling MS";"Jun 26, 2026, 20:00:00";"7.59";"375.88";"6.27"
"Sterling MS";"Jun 26, 2026, 19:00:00";"9.28";"347.96";"7.39"
"Sterling MS";"Jun 26, 2026, 18:00:00";"5.12";"249.35";"4.84"
"Sterling MS";"Jun 26, 2026, 17:00:00";"2.12";"173.56";"4.07"
"Sterling MS";"Jun 26, 2026, 16:00:00";"0.61";"173";"4.17"
"Sterling MS";"Jun 26, 2026, 15:00:00";"0.28";"174.7";"4.13"
"Sterling MS";"Jun 26, 2026, 14:00:00";"0.02";"191.89";"4.6"
"Sterling MS";"Jun 26, 2026, 13:00:00";"0.15";"188.88";"4.14"
"Sterling MS";"Jun 26, 2026, 12:00:00";"1.31";"181.42";"4.23"
"Sterling MS";"Jun 26, 2026, 11:00:00";"5.67";"209.8";"5.86"
"Sterling MS";"Jun 26, 2026, 10:00:00";"13.52";"215.29";"6.81"
"Sterling MS";"Jun 26, 2026, 09:00:00";"11.49";"217.53";"7.13"
"Sterling MS";"Jun 26, 2026, 08:00:00";"14.21";"201.69";"6.56"
"Sterling MS";"Jun 26, 2026, 07:00:00";"9.79";"188";"4.76"
"Sterling MS";"Jun 26, 2026, 06:00:00";"8.38";"180.6";"4.87"
"Sterling MS";"Jun 26, 2026, 05:00:00";"6.91";"161.17";"4.63"
"Sterling MS";"Jun 26, 2026, 04:00:00";"6.69";"143.5";"4.36"
"Sterling MS";"Jun 26, 2026, 03:00:00";"6.18";"127.16";"4.12"
"Sterling MS";"Jun 26, 2026, 02:00:00";"6.59";"121.24";"3.99"
"Sterling MS";"Jun 26, 2026, 01:00:00";"6.33";"117.21";"3.76"
"Sterling MS";"Jun 26, 2026, 00:00:00";"6.5";"108.91";"3.87"
"Sterling MS";"Jun 25, 2026, 23:00:00";"6.57";"102.04";"4.1"
"Sterling MS";"Jun 25, 2026, 22:00:00";"6.29";"94.46";"4.24"
"Sterling MS";"Jun 25, 2026, 21:00:00";"6.76";"92.32";"3.88"
"Sterling MS";"Jun 25, 2026, 20:00:00";"4.87";"87.37";"4.57"
"Sterling MS";"Jun 25, 2026, 19:00:00";"3.25";"92.08";"3.76"
"Sterling MS";"Jun 25, 2026, 18:00:00";"1.93";"90.84";"2.91"
"Sterling MS";"Jun 25, 2026, 17:00:00";"2.02";"88.41";"3.08"
"Sterling MS";"Jun 25, 2026, 16:00:00";"1.53";"93.32";"2.79"
"Sterling MS";"Jun 25, 2026, 15:00:00";"1.58";"93.08";"3.03"
"Sterling MS";"Jun 25, 2026, 14:00:00";"1.34";"102.03";"3.03"
"Sterling MS";"Jun 25, 2026, 13:00:00";"0.34";"109.86";"3.33"
"Sterling MS";"Jun 25, 2026, 12:00:00";"0.83";"115.01";"3.59"
"Sterling MS";"Jun 25, 2026, 11:00:00";"2.39";"128.58";"3.53"
"Sterling MS";"Jun 25, 2026, 10:00:00";"8.54";"148.43";"7.62"
"Sterling MS";"Jun 25, 2026, 09:00:00";"12.24";"155.35";"4.08"
"Sterling MS";"Jun 25, 2026, 08:00:00";"13.12";"168.81";"3.64"
"Sterling MS";"Jun 25, 2026, 07:00:00";"11.72";"177.78";"2.35"
"Sterling MS";"Jun 25, 2026, 06:00:00";"8.43";"176.51";"2.38"
"Sterling MS";"Jun 25, 2026, 05:00:00";"8.84";"166.51";"2.33"
"Sterling MS";"Jun 25, 2026, 04:00:00";"9.37";"157.64";"2.64"
"Sterling MS";"Jun 25, 2026, 03:00:00";"5.73";"128.97";"2.46"
"Sterling MS";"Jun 25, 2026, 02:00:00";"6.9";"97.71";"1.81"
"Sterling MS";"Jun 25, 2026, 01:00:00";"8.07";"83.65";"1.86"
"Sterling MS";"Jun 25, 2026, 00:00:00";"7.87";"84.33";"2.06"
"Sterling MS";"Jun 24, 2026, 23:00:00";"10.12";"66.93";"1.91"
"Sterling MS";"Jun 24, 2026, 22:00:00";"9.2";"57.93";"2.99"
"Sterling MS";"Jun 24, 2026, 21:00:00";"4.46";"42.73";"1.63"
"Sterling MS";"Jun 24, 2026, 20:00:00";"2.6";"41.66";"1.32"
"Sterling MS";"Jun 24, 2026, 19:00:00";"2.27";"50.3";"1.3"
"Sterling MS";"Jun 24, 2026, 18:00:00";"1.78";"54.85";"1.48"
"Sterling MS";"Jun 24, 2026, 17:00:00";"0.31";"57.33";"1.31"
"Sterling MS";"Jun 24, 2026, 16:00:00";"0.48";"59.28";"1.52"
"Sterling MS";"Jun 24, 2026, 15:00:00";"0.62";"56.78";"1.51"
"Sterling MS";"Jun 24, 2026, 14:00:00";"0.24";"62.53";"1.35"
"Sterling MS";"Jun 24, 2026, 13:00:00";"0";"64.96";"1.42"
"Sterling MS";"Jun 24, 2026, 12:00:00";"0";"77.86";"1.55"
"Sterling MS";"Jun 24, 2026, 11:00:00";"0.37";"101.05";"2.04"
"Sterling MS";"Jun 24, 2026, 10:00:00";"3.45";"104.39";"2.3"
"Sterling MS";"Jun 24, 2026, 09:00:00";"5.43";"118.87";"2.44"
"Sterling MS";"Jun 24, 2026, 08:00:00";"6.97";"126.27";"2.06"
"Sterling MS";"Jun 24, 2026, 07:00:00";"6.53";"108.34";"1.66"
"Sterling MS";"Jun 24, 2026, 06:00:00";"5.07";"99.5";"1.81"
"Sterling MS";"Jun 24, 2026, 05:00:00";"4.28";"105.11";"1.66"
"Sterling MS";"Jun 24, 2026, 04:00:00";"3.49";"123.43";"1.64"
"Sterling MS";"Jun 24, 2026, 03:00:00";"3.61";"147.46";"1.37"
"Sterling MS";"Jun 24, 2026, 02:00:00";"3.96";"170.95";"1.41"
"Sterling MS";"Jun 24, 2026, 01:00:00";"4.76";"219.68";"1.28"
"Sterling MS";"Jun 24, 2026, 00:00:00";"10.39";"276.63";"1.33"
"Sterling MS";"Jun 23, 2026, 23:00:00";"15.5";"278.24";"1.71"
"Sterling MS";"Jun 23, 2026, 22:00:00";"10.4";"244.2";"1.31"
"Sterling MS";"Jun 23, 2026, 21:00:00";"3.13";"201.34";"0.91"
"Sterling MS";"Jun 23, 2026, 20:00:00";"2.61";"192.14";"0.87"
"Sterling MS";"Jun 23, 2026, 19:00:00";"1.74";"217.72";"0.88"
"Sterling MS";"Jun 23, 2026, 18:00:00";"3.58";"283.14";"1.04"
"Sterling MS";"Jun 23, 2026, 17:00:00";"4.87";"356.27";"0.77"
"Sterling MS";"Jun 23, 2026, 16:00:00";"6.95";"470.95";"1.22"
"Sterling MS";"Jun 23, 2026, 15:00:00";"5.36";"468.09";"3.06"
"Sterling MS";"Jun 23, 2026, 14:00:00";"4.38";"504.01";"2.58"
"Sterling MS";"Jun 23, 2026, 13:00:00";"3.74";"535.32";"2.13"
"Sterling MS";"Jun 23, 2026, 12:00:00";"4.45";"554.76";"4.1"
"Sterling MS";"Jun 23, 2026, 11:00:00";"4.53";"598.31";"10.31"
"Sterling MS";"Jun 23, 2026, 10:00:00";"4.62";"601.49";"12"
"Sterling MS";"Jun 23, 2026, 09:00:00";"4.66";"548.08";"7.23"
"Sterling MS";"Jun 23, 2026, 08:00:00";"5.74";"554.52";"3.91"
"Sterling MS";"Jun 23, 2026, 07:00:00";"5.68";"579.63";"2.56"
"Sterling MS";"Jun 23, 2026, 06:00:00";"3.55";"615.26";"3.67"
"Sterling MS";"Jun 23, 2026, 05:00:00";"2.78";"598.94";"4.05"
"Sterling MS";"Jun 23, 2026, 04:00:00";"3.95";"591.63";"3.52"
"Sterling MS";"Jun 23, 2026, 03:00:00";"5.76";"578.24";"2.73"
"Sterling MS";"Jun 23, 2026, 02:00:00";"5.34";"572.68";"2.63"
"Sterling MS";"Jun 23, 2026, 01:00:00";"5.22";"560.08";"3.06"
"Sterling MS";"Jun 23, 2026, 00:00:00";"5.81";"534.33";"3.1"
"Sterling MS";"Jun 22, 2026, 23:00:00";"6.47";"534.3";"3.7"
"Sterling MS";"Jun 22, 2026, 22:00:00";"8.38";"513.78";"4.04"
"Sterling MS";"Jun 22, 2026, 21:00:00";"7.42";"514.81";"4.78"
"Sterling MS";"Jun 22, 2026, 20:00:00";"10.36";"511.05";"9.17"
"Sterling MS";"Jun 22, 2026, 19:00:00";"7.27";"378.1";"7.75"
"Sterling MS";"Jun 22, 2026, 18:00:00";"3.97";"287.49";"5.97"
"Sterling MS";"Jun 22, 2026, 17:00:00";"2.5";"202.72";"7.94"
"Sterling MS";"Jun 22, 2026, 16:00:00";"0.2";"187.74";"7.36"
"Sterling MS";"Jun 22, 2026, 15:00:00";"0.48";"188.69";"5.73"
"Sterling MS";"Jun 22, 2026, 14:00:00";"1.13";"201.14";"6.11"
"Sterling MS";"Jun 22, 2026, 13:00:00";"4.22";"175.12";"6.66"
"Sterling MS";"Jun 22, 2026, 12:00:00";"3.93";"181.43";"6.66"
"Sterling MS";"Jun 22, 2026, 11:00:00";"4.22";"215.33";"6.43"
"Sterling MS";"Jun 22, 2026, 10:00:00";"5.35";"253.78";"5.96"
"Sterling MS";"Jun 22, 2026, 09:00:00";"10.51";"233.71";"4.24"
"Sterling MS";"Jun 22, 2026, 08:00:00";"11.65";"186.51";"4.02"
"Sterling MS";"Jun 22, 2026, 07:00:00";"10.89";"156";"3.86"
"Sterling MS";"Jun 22, 2026, 06:00:00";"8.03";"134.79";"3.39"
"Sterling MS";"Jun 22, 2026, 05:00:00";"5.64";"121.87";"3.53"
"Sterling MS";"Jun 22, 2026, 04:00:00";"5.84";"90.65";"3.5"
"Sterling MS";"Jun 22, 2026, 03:00:00";"7.4";"70.31";"3.42"
"Sterling MS";"Jun 22, 2026, 02:00:00";"7.6";"58.97";"3.88"
"Sterling MS";"Jun 22, 2026, 01:00:00";"6.65";"48.49";"2.71"
"Sterling MS";"Jun 22, 2026, 00:00:00";"7.7";"51.78";"2.93"
"Sterling MS";"Jun 21, 2026, 23:00:00";"7.84";"45.9";"3.74"
"Sterling MS";"Jun 21, 2026, 22:00:00";"7.1";"36.04";"2.86"
"Sterling MS";"Jun 21, 2026, 21:00:00";"4.36";"29.28";"2.43"
"Sterling MS";"Jun 21, 2026, 20:00:00";"2.04";"35.12";"1.96"
"Sterling MS";"Jun 21, 2026, 19:00:00";"0.81";"40.73";"1.8"
"Sterling MS";"Jun 21, 2026, 18:00:00";"0.37";"40.58";"1.8"
"Sterling MS";"Jun 21, 2026, 17:00:00";"1.09";"40.97";"2.53"
"Sterling MS";"Jun 21, 2026, 16:00:00";"0.69";"45.11";"2.01"
"Sterling MS";"Jun 21, 2026, 15:00:00";"1.43";"56.77";"2.14"
"Sterling MS";"Jun 21, 2026, 14:00:00";"2.36";"51.4";"1.96"
"Sterling MS";"Jun 21, 2026, 13:00:00";"2.7";"57.66";"2.08"
"Sterling MS";"Jun 21, 2026, 12:00:00";"1.94";"80.51";"2.46"
"Sterling MS";"Jun 21, 2026, 11:00:00";"3.78";"97.4";"3.81"
"Sterling MS";"Jun 21, 2026, 10:00:00";"3.83";"113.03";"3.97"
"Sterling MS";"Jun 21, 2026, 09:00:00";"6.31";"109.11";"1.82"
"Sterling MS";"Jun 21, 2026, 08:00:00";"7.27";"107.93";"1.6"
"Sterling MS";"Jun 21, 2026, 07:00:00";"6.26";"99.94";"1.47"
"Sterling MS";"Jun 21, 2026, 06:00:00";"5.24";"75.46";"1.45"
"Sterling MS";"Jun 21, 2026, 05:00:00";"4.82";"56.59";"1.65"
"Sterling MS";"Jun 21, 2026, 04:00:00";"5.02";"47.31";"1.45"
"Sterling MS";"Jun 21, 2026, 03:00:00";"4.38";"40.86";"1.29"
"Sterling MS";"Jun 21, 2026, 02:00:00";"5.03";"35.79";"1.35"
"Sterling MS";"Jun 21, 2026, 01:00:00";"4.08";"32.36";"1.33"
"Sterling MS";"Jun 21, 2026, 00:00:00";"4";"30.45";"1.42"
"Sterling MS";"Jun 20, 2026, 23:00:00";"3.96";"29.55";"1.67"
"Sterling MS";"Jun 20, 2026, 22:00:00";"3.58";"24.7";"1.5"
"Sterling MS";"Jun 20, 2026, 21:00:00";"2.85";"22.69";"1.21"
"Sterling MS";"Jun 20, 2026, 20:00:00";"1.47";"25.98";"1.03"
"Sterling MS";"Jun 20, 2026, 19:00:00";"1.19";"26.75";"0.94"
"Sterling MS";"Jun 20, 2026, 18:00:00";"0.72";"26.24";"0.83"
"Sterling MS";"Jun 20, 2026, 17:00:00";"0.19";"27.31";"1.12"
"Sterling MS";"Jun 20, 2026, 16:00:00";"0.57";"26.71";"4.99"
"Sterling MS";"Jun 20, 2026, 15:00:00";"0.9";"26.11";"1.24"
"Sterling MS";"Jun 20, 2026, 14:00:00";"0.7";"27.75";"1.22"
"Sterling MS";"Jun 20, 2026, 13:00:00";"1.18";"33.56";"1.29"
"Sterling MS";"Jun 20, 2026, 12:00:00";"2.66";"35.95";"1.47"
"Sterling MS";"Jun 20, 2026, 11:00:00";"3.11";"39.48";"1.34"
"Sterling MS";"Jun 20, 2026, 10:00:00";"4.47";"42.51";"1.32"
"Sterling MS";"Jun 20, 2026, 09:00:00";"5.22";"44.99";"1.42"
"Sterling MS";"Jun 20, 2026, 08:00:00";"7.56";"58.92";"1.66"
"Sterling MS";"Jun 20, 2026, 07:00:00";"7.46";"61.61";"1.34"
"Sterling MS";"Jun 20, 2026, 06:00:00";"6.53";"56.16";"1.46"
"Sterling MS";"Jun 20, 2026, 05:00:00";"5.93";"49.35";"1.43"
"Sterling MS";"Jun 20, 2026, 04:00:00";"6";"46.96";"1.4"
"Sterling MS";"Jun 20, 2026, 03:00:00";"5.79";"43.1";"1.48"
"Sterling MS";"Jun 20, 2026, 02:00:00";"6.34";"37.54";"1.48"
"Sterling MS";"Jun 20, 2026, 01:00:00";"6.01";"32.91";"1.62"
"Sterling MS";"Jun 20, 2026, 00:00:00";"5.1";"27.04";"1.5"
"Sterling MS";"Jun 19, 2026, 23:00:00";"4.39";"22.27";"1.38"
"Sterling MS";"Jun 19, 2026, 22:00:00";"4.55";"18.02";"1.24"
"Sterling MS";"Jun 19, 2026, 21:00:00";"3.8";"16.83";"1.18"
"Sterling MS";"Jun 19, 2026, 20:00:00";"2.82";"20.96";"1.5"
"Sterling MS";"Jun 19, 2026, 19:00:00";"3.24";"26.73";"1.31"
"Sterling MS";"Jun 19, 2026, 18:00:00";"1.22";"40.2";"1.13"
"Sterling MS";"Jun 19, 2026, 17:00:00";"1.54";"46.03";"1.09"
"Sterling MS";"Jun 19, 2026, 16:00:00";"2.45";"48.47";"1.16"
"Sterling MS";"Jun 19, 2026, 15:00:00";"1.89";"60.47";"1.23"
"Sterling MS";"Jun 19, 2026, 14:00:00";"2.09";"69.82";"1.28"
"Sterling MS";"Jun 19, 2026, 13:00:00";"2.45";"80.47";"1.75"
"Sterling MS";"Jun 19, 2026, 12:00:00";"3.69";"75.36";"1.25"
"Sterling MS";"Jun 19, 2026, 11:00:00";"4.25";"72.28";"0.97"
"Sterling MS";"Jun 19, 2026, 10:00:00";"4.7";"91.88";"1.27"
"Sterling MS";"Jun 19, 2026, 09:00:00";"5.48";"106.13";"1.4"
"Sterling MS";"Jun 19, 2026, 08:00:00";"5.61";"109.64";"1.67"
"Sterling MS";"Jun 19, 2026, 07:00:00";"5.72";"104.07";"1.94"
"Sterling MS";"Jun 19, 2026, 06:00:00";"4.9";"83.74";"1.83"
"Sterling MS";"Jun 19, 2026, 05:00:00";"4.44";"74.7";"1.68"
"Sterling MS";"Jun 19, 2026, 04:00:00";"4.41";"70.13";"1.86"
"Sterling MS";"Jun 19, 2026, 03:00:00";"3.94";"63.9";"1.55"
"Sterling MS";"Jun 19, 2026, 02:00:00";"3.79";"51.4";"1.48"
"Sterling MS";"Jun 19, 2026, 01:00:00";"2.95";"48.25";"1.58"
"Sterling MS";"Jun 19, 2026, 00:00:00";"2.88";"55.34";"1.71"
"Sterling MS";"Jun 18, 2026, 23:00:00";"3.56";"64.81";"1.62"
"Sterling MS";"Jun 18, 2026, 22:00:00";"4.04";"102.31";"2.11"
"Sterling MS";"Jun 18, 2026, 21:00:00";"3.55";"110.9";"2.29"
"Sterling MS";"Jun 18, 2026, 20:00:00";"2.55";"133.97";"2.34"
"Sterling MS";"Jun 18, 2026, 19:00:00";"2.98";"150.72";"2.24"
"Sterling MS";"Jun 18, 2026, 18:00:00";"2.16";"171.12";"2.57"
"Sterling MS";"Jun 18, 2026, 17:00:00";"3.57";"177.38";"2.86"
"Sterling MS";"Jun 18, 2026, 16:00:00";"1.45";"184.17";"2.76"
"Sterling MS";"Jun 18, 2026, 15:00:00";"2.53";"210.62";"4.67"
"Sterling MS";"Jun 18, 2026, 14:00:00";"0.5";"257.01";"6.47"
"Sterling MS";"Jun 18, 2026, 13:00:00";"4.52";"279.42";"7.01"
"Sterling MS";"Jun 18, 2026, 12:00:00";"9.07";"266.04";"6"
"Sterling MS";"Jun 18, 2026, 11:00:00";"9.77";"250.82";"5.2"
"Sterling MS";"Jun 18, 2026, 10:00:00";"10.95";"203.54";"5.03"
"Sterling MS";"Jun 18, 2026, 09:00:00";"11.25";"192.49";"4.75"
"Sterling MS";"Jun 18, 2026, 08:00:00";"11.48";"191.39";"4.26"
"Sterling MS";"Jun 18, 2026, 07:00:00";"8.72";"171.23";"4.94"
"Sterling MS";"Jun 18, 2026, 06:00:00";"7.71";"183.82";"5.79"
"Sterling MS";"Jun 18, 2026, 05:00:00";"7.52";"208.46";"6.58"
"Sterling MS";"Jun 18, 2026, 04:00:00";"7.81";"227.04";"7.46"
"Sterling MS";"Jun 18, 2026, 03:00:00";"7.54";"210.04";"7.44"
"Sterling MS";"Jun 18, 2026, 02:00:00";"7.52";"185.45";"7.09"
"Sterling MS";"Jun 18, 2026, 01:00:00";"6.67";"162.19";"5.37"
"Sterling MS";"Jun 18, 2026, 00:00:00";"7.38";"151.37";"4.74"
"Sterling MS";"Jun 17, 2026, 23:00:00";"6.37";"111.07";"4.71"
"Sterling MS";"Jun 17, 2026, 22:00:00";"5.16";"78.74";"4.59"
"Sterling MS";"Jun 17, 2026, 21:00:00";"3.59";"70.62";"3.09"
"Sterling MS";"Jun 17, 2026, 20:00:00";"3.35";"70.1";"3.21"
"Sterling MS";"Jun 17, 2026, 19:00:00";"2.29";"66.41";"2.26"
"Sterling MS";"Jun 17, 2026, 18:00:00";"1.16";"70.19";"2.33"
"Sterling MS";"Jun 17, 2026, 17:00:00";"0.19";"69.61";"1.97"
"Sterling MS";"Jun 17, 2026, 16:00:00";"0.83";"78.24";"2"
"Sterling MS";"Jun 17, 2026, 15:00:00";"0.69";"80.94";"2.7"
"Sterling MS";"Jun 17, 2026, 14:00:00";"0.43";"85.67";"2.45"
"Sterling MS";"Jun 17, 2026, 13:00:00";"0.26";"92.97";"2.27"
"Sterling MS";"Jun 17, 2026, 12:00:00";"0.2";"113.71";"2.62"
"Sterling MS";"Jun 17, 2026, 11:00:00";"0.87";"304.68";"4.75"